[2026-08-13 03:18:53] local.ERROR: Database file at path [C:\Users\lione\Yasou Taverna System\digital-menu-main\restaurant-manager-main-V1\restaurant-api\database\database.sqlite] does not exist. Ensure this is an absolute path to the database. (Connection: sqlite, SQL: select count(*) as aggregate from "orders") {"exception":"[object] (Illuminate\\Database\\QueryException(code: 0): Database file at path [C:\\Users\\lione\\Yasou Taverna System\\digital-menu-main\\restaurant-manager-main-V1\\restaurant-api\\database\\database.sqlite] does not exist. Ensure this is an absolute path to the database. (Connection: sqlite, SQL: select count(*) as aggregate from \"orders\") at C:\\Users\\lione\\Yasou Taverna System\\digital-menu-main\\restaurant-manager-main-V1\\restaurant-api\\vendor\\laravel\\framework\\src\\Illuminate\\Database\\Connection.php:822)
[stacktrace]
#0 C:\\Users\\lione\\Yasou Taverna System\\digital-menu-main\\restaurant-manager-main-V1\\restaurant-api\\vendor\\laravel\\framework\\src\\Illuminate\\Database\\Connection.php(776): Illuminate\\Database\\Connection->runQueryCallback()
#1 C:\\Users\\lione\\Yasou Taverna System\\digital-menu-main\\restaurant-manager-main-V1\\restaurant-api\\vendor\\laravel\\framework\\src\\Illuminate\\Database\\Connection.php(395): Illuminate\\Database\\Connection->run()
#2 C:\\Users\\lione\\Yasou Taverna System\\digital-menu-main\\restaurant-manager-main-V1\\restaurant-api\\vendor\\laravel\\framework\\src\\Illuminate\\Database\\Query\\Builder.php(3131): Illuminate\\Database\\Connection->select()
#3 C:\\Users\\lione\\Yasou Taverna System\\digital-menu-main\\restaurant-manager-main-V1\\restaurant-api\\vendor\\laravel\\framework\\src\\Illuminate\\Database\\Query\\Builder.php(3116): Illuminate\\Database\\Query\\Builder->runSelect()
#4 C:\\Users\\lione\\Yasou Taverna System\\digital-menu-main\\restaurant-manager-main-V1\\restaurant-api\\vendor\\laravel\\framework\\src\\Illuminate\\Database\\Query\\Builder.php(3706): Illuminate\\Database\\Query\\Builder->{closure:Illuminate\\Database\\Query\\Builder::get():3115}()
#5 C:\\Users\\lione\\Yasou Taverna System\\digital-menu-main\\restaurant-manager-main-V1\\restaurant-api\\vendor\\laravel\\framework\\src\\Illuminate\\Database\\Query\\Builder.php(3115): Illuminate\\Database\\Query\\Builder->onceWithColumns()
#6 C:\\Users\\lione\\Yasou Taverna System\\digital-menu-main\\restaurant-manager-main-V1\\restaurant-api\\vendor\\laravel\\framework\\src\\Illuminate\\Database\\Query\\Builder.php(3310): Illuminate\\Database\\Query\\Builder->get()
#7 C:\\Users\\lione\\Yasou Taverna System\\digital-menu-main\\restaurant-manager-main-V1\\restaurant-api\\vendor\\laravel\\framework\\src\\Illuminate\\Database\\Query\\Builder.php(3269): Illuminate\\Database\\Query\\Builder->runPaginationCountQuery()
#8 C:\\Users\\lione\\Yasou Taverna System\\digital-menu-main\\restaurant-manager-main-V1\\restaurant-api\\vendor\\laravel\\framework\\src\\Illuminate\\Database\\Eloquent\\Builder.php(1090): Illuminate\\Database\\Query\\Builder->getCountForPagination()
#9 C:\\Users\\lione\\Yasou Taverna System\\digital-menu-main\\restaurant-manager-main-V1\\restaurant-api\\app\\Http\\Controllers\\Api\\OrderController.php(80): Illuminate\\Database\\Eloquent\\Builder->paginate()
#10 C:\\Users\\lione\\Yasou Taverna System\\digital-menu-main\\restaurant-manager-main-V1\\restaurant-api\\vendor\\laravel\\framework\\src\\Illuminate\\Routing\\ControllerDispatcher.php(46): App\\Http\\Controllers\\Api\\OrderController->index()
#11 C:\\Users\\lione\\Yasou Taverna System\\digital-menu-main\\restaurant-manager-main-V1\\restaurant-api\\vendor\\laravel\\framework\\src\\Illuminate\\Routing\\Route.php(265): Illuminate\\Routing\\ControllerDispatcher->dispatch()
#12 C:\\Users\\lione\\Yasou Taverna System\\digital-menu-main\\restaurant-manager-main-V1\\restaurant-api\\vendor\\laravel\\framework\\src\\Illuminate\\Routing\\Route.php(211): Illuminate\\Routing\\Route->runController()
#13 C:\\Users\\lione\\Yasou Taverna System\\digital-menu-main\\restaurant-manager-main-V1\\restaurant-api\\vendor\\laravel\\framework\\src\\Illuminate\\Routing\\Router.php(808): Illuminate\\Routing\\Route->run()
#14 C:\\Users\\lione\\Yasou Taverna System\\digital-menu-main\\restaurant-manager-main-V1\\restaurant-api\\vendor\\laravel\\framework\\src\\Illuminate\\Pipeline\\Pipeline.php(169): Illuminate\\Routing\\Router->{closure:Illuminate\\Routing\\Router::runRouteWithinStack():807}()
#15 C:\\Users\\lione\\Yasou Taverna System\\digital-menu-main\\restaurant-manager-main-V1\\restaurant-api\\vendor\\laravel\\framework\\src\\Illuminate\\Routing\\Middleware\\SubstituteBindings.php(50): Illuminate\\Pipeline\\Pipeline->{closure:Illuminate\\Pipeline\\Pipeline::prepareDestination():167}()
#16 C:\\Users\\lione\\Yasou Taverna System\\digital-menu-main\\restaurant-manager-main-V1\\restaurant-api\\vendor\\laravel\\framework\\src\\Illuminate\\Pipeline\\Pipeline.php(208): Illuminate\\Routing\\Middleware\\SubstituteBindings->handle()
#17 C:\\Users\\lione\\Yasou Taverna System\\digital-menu-main\\restaurant-manager-main-V1\\restaurant-api\\vendor\\laravel\\framework\\src\\Illuminate\\Pipeline\\Pipeline.php(126): Illuminate\\Pipeline\\Pipeline->{closure:{closure:Illuminate\\Pipeline\\Pipeline::carry():183}:184}()
#18 C:\\Users\\lione\\Yasou Taverna System\\digital-menu-main\\restaurant-manager-main-V1\\restaurant-api\\vendor\\laravel\\framework\\src\\Illuminate\\Routing\\Router.php(807): Illuminate\\Pipeline\\Pipeline->then()
#19 C:\\Users\\lione\\Yasou Taverna System\\digital-menu-main\\restaurant-manager-main-V1\\restaurant-api\\vendor\\laravel\\framework\\src\\Illuminate\\Routing\\Router.php(786): Illuminate\\Routing\\Router->runRouteWithinStack()
#20 C:\\Users\\lione\\Yasou Taverna System\\digital-menu-main\\restaurant-manager-main-V1\\restaurant-api\\vendor\\laravel\\framework\\src\\Illuminate\\Routing\\Router.php(750): Illuminate\\Routing\\Router->runRoute()
#21 C:\\Users\\lione\\Yasou Taverna System\\digital-menu-main\\restaurant-manager-main-V1\\restaurant-api\\vendor\\laravel\\framework\\src\\Illuminate\\Routing\\Router.php(739): Illuminate\\Routing\\Router->dispatchToRoute()
#22 C:\\Users\\lione\\Yasou Taverna System\\digital-menu-main\\restaurant-manager-main-V1\\restaurant-api\\vendor\\laravel\\framework\\src\\Illuminate\\Foundation\\Http\\Kernel.php(200): Illuminate\\Routing\\Router->dispatch()
#23 C:\\Users\\lione\\Yasou Taverna System\\digital-menu-main\\restaurant-manager-main-V1\\restaurant-api\\vendor\\laravel\\framework\\src\\Illuminate\\Pipeline\\Pipeline.php(169): Illuminate\\Foundation\\Http\\Kernel->{closure:Illuminate\\Foundation\\Http\\Kernel::dispatchToRouter():197}()
#24 C:\\Users\\lione\\Yasou Taverna System\\digital-menu-main\\restaurant-manager-main-V1\\restaurant-api\\vendor\\laravel\\framework\\src\\Illuminate\\Foundation\\Http\\Middleware\\TransformsRequest.php(21): Illuminate\\Pipeline\\Pipeline->{closure:Illuminate\\Pipeline\\Pipeline::prepareDestination():167}()
#25 C:\\Users\\lione\\Yasou Taverna System\\digital-menu-main\\restaurant-manager-main-V1\\restaurant-api\\vendor\\laravel\\framework\\src\\Illuminate\\Foundation\\Http\\Middleware\\ConvertEmptyStringsToNull.php(31): Illuminate\\Foundation\\Http\\Middleware\\TransformsRequest->handle()
#26 C:\\Users\\lione\\Yasou Taverna System\\digital-menu-main\\restaurant-manager-main-V1\\restaurant-api\\vendor\\laravel\\framework\\src\\Illuminate\\Pipeline\\Pipeline.php(208): Illuminate\\Foundation\\Http\\Middleware\\ConvertEmptyStringsToNull->handle()
#27 C:\\Users\\lione\\Yasou Taverna System\\digital-menu-main\\restaurant-manager-main-V1\\restaurant-api\\vendor\\laravel\\framework\\src\\Illuminate\\Foundation\\Http\\Middleware\\TransformsRequest.php(21): Illuminate\\Pipeline\\Pipeline->{closure:{closure:Illuminate\\Pipeline\\Pipeline::carry():183}:184}()
#28 C:\\Users\\lione\\Yasou Taverna System\\digital-menu-main\\restaurant-manager-main-V1\\restaurant-api\\vendor\\laravel\\framework\\src\\Illuminate\\Foundation\\Http\\Middleware\\TrimStrings.php(51): Illuminate\\Foundation\\Http\\Middleware\\TransformsRequest->handle()
#29 C:\\Users\\lione\\Yasou Taverna System\\digital-menu-main\\restaurant-manager-main-V1\\restaurant-api\\vendor\\laravel\\framework\\src\\Illuminate\\Pipeline\\Pipeline.php(208): Illuminate\\Foundation\\Http\\Middleware\\TrimStrings->handle()
#30 C:\\Users\\lione\\Yasou Taverna System\\digital-menu-main\\restaurant-manager-main-V1\\restaurant-api\\vendor\\laravel\\framework\\src\\Illuminate\\Http\\Middleware\\ValidatePostSize.php(27): Illuminate\\Pipeline\\Pipeline->{closure:{closure:Illuminate\\Pipeline\\Pipeline::carry():183}:184}()
#31 C:\\Users\\lione\\Yasou Taverna System\\digital-menu-main\\restaurant-manager-main-V1\\restaurant-api\\vendor\\laravel\\framework\\src\\Illuminate\\Pipeline\\Pipeline.php(208): Illuminate\\Http\\Middleware\\ValidatePostSize->handle()
#32 C:\\Users\\lione\\Yasou Taverna System\\digital-menu-main\\restaurant-manager-main-V1\\restaurant-api\\vendor\\laravel\\framework\\src\\Illuminate\\Foundation\\Http\\Middleware\\PreventRequestsDuringMaintenance.php(109): Illuminate\\Pipeline\\Pipeline->{closure:{closure:Illuminate\\Pipeline\\Pipeline::carry():183}:184}()
#33 C:\\Users\\lione\\Yasou Taverna System\\digital-menu-main\\restaurant-manager-main-V1\\restaurant-api\\vendor\\laravel\\framework\\src\\Illuminate\\Pipeline\\Pipeline.php(208): Illuminate\\Foundation\\Http\\Middleware\\PreventRequestsDuringMaintenance->handle()
#34 C:\\Users\\lione\\Yasou Taverna System\\digital-menu-main\\restaurant-manager-main-V1\\restaurant-api\\vendor\\laravel\\framework\\src\\Illuminate\\Http\\Middleware\\HandleCors.php(61): Illuminate\\Pipeline\\Pipeline->{closure:{closure:Illuminate\\Pipeline\\Pipeline::carry():183}:184}()
#35 C:\\Users\\lione\\Yasou Taverna System\\digital-menu-main\\restaurant-manager-main-V1\\restaurant-api\\vendor\\laravel\\framework\\src\\Illuminate\\Pipeline\\Pipeline.php(208): Illuminate\\Http\\Middleware\\HandleCors->handle()
#36 C:\\Users\\lione\\Yasou Taverna System\\digital-menu-main\\restaurant-manager-main-V1\\restaurant-api\\vendor\\laravel\\framework\\src\\Illuminate\\Http\\Middleware\\TrustProxies.php(58): Illuminate\\Pipeline\\Pipeline->{closure:{closure:Illuminate\\Pipeline\\Pipeline::carry():183}:184}()
#37 C:\\Users\\lione\\Yasou Taverna System\\digital-menu-main\\restaurant-manager-main-V1\\restaurant-api\\vendor\\laravel\\framework\\src\\Illuminate\\Pipeline\\Pipeline.php(208): Illuminate\\Http\\Middleware\\TrustProxies->handle()
#38 C:\\Users\\lione\\Yasou Taverna System\\digital-menu-main\\restaurant-manager-main-V1\\restaurant-api\\vendor\\laravel\\framework\\src\\Illuminate\\Foundation\\Http\\Middleware\\InvokeDeferredCallbacks.php(22): Illuminate\\Pipeline\\Pipeline->{closure:{closure:Illuminate\\Pipeline\\Pipeline::carry():183}:184}()
#39 C:\\Users\\lione\\Yasou Taverna System\\digital-menu-main\\restaurant-manager-main-V1\\restaurant-api\\vendor\\laravel\\framework\\src\\Illuminate\\Pipeline\\Pipeline.php(208): Illuminate\\Foundation\\Http\\Middleware\\InvokeDeferredCallbacks->handle()
#40 C:\\Users\\lione\\Yasou Taverna System\\digital-menu-main\\restaurant-manager-main-V1\\restaurant-api\\vendor\\laravel\\framework\\src\\Illuminate\\Http\\Middleware\\ValidatePathEncoding.php(26): Illuminate\\Pipeline\\Pipeline->{closure:{closure:Illuminate\\Pipeline\\Pipeline::carry():183}:184}()
#41 C:\\Users\\lione\\Yasou Taverna System\\digital-menu-main\\restaurant-manager-main-V1\\restaurant-api\\vendor\\laravel\\framework\\src\\Illuminate\\Pipeline\\Pipeline.php(208): Illuminate\\Http\\Middleware\\ValidatePathEncoding->handle()
#42 C:\\Users\\lione\\Yasou Taverna System\\digital-menu-main\\restaurant-manager-main-V1\\restaurant-api\\vendor\\laravel\\framework\\src\\Illuminate\\Pipeline\\Pipeline.php(126): Illuminate\\Pipeline\\Pipeline->{closure:{closure:Illuminate\\Pipeline\\Pipeline::carry():183}:184}()
#43 C:\\Users\\lione\\Yasou Taverna System\\digital-menu-main\\restaurant-manager-main-V1\\restaurant-api\\vendor\\laravel\\framework\\src\\Illuminate\\Foundation\\Http\\Kernel.php(175): Illuminate\\Pipeline\\Pipeline->then()
#44 C:\\Users\\lione\\Yasou Taverna System\\digital-menu-main\\restaurant-manager-main-V1\\restaurant-api\\vendor\\laravel\\framework\\src\\Illuminate\\Foundation\\Http\\Kernel.php(144): Illuminate\\Foundation\\Http\\Kernel->sendRequestThroughRouter()
#45 C:\\Users\\lione\\Yasou Taverna System\\digital-menu-main\\restaurant-manager-main-V1\\restaurant-api\\vendor\\laravel\\framework\\src\\Illuminate\\Foundation\\Application.php(1219): Illuminate\\Foundation\\Http\\Kernel->handle()
#46 C:\\Users\\lione\\Yasou Taverna System\\digital-menu-main\\restaurant-manager-main-V1\\restaurant-api\\public\\index.php(20): Illuminate\\Foundation\\Application->handleRequest()
#47 C:\\Users\\lione\\Yasou Taverna System\\digital-menu-main\\restaurant-manager-main-V1\\restaurant-api\\vendor\\laravel\\framework\\src\\Illuminate\\Foundation\\resources\\server.php(23): require_once('...')
#48 {main}

[previous exception] [object] (Illuminate\\Database\\SQLiteDatabaseDoesNotExistException(code: 0): Database file at path [C:\\Users\\lione\\Yasou Taverna System\\digital-menu-main\\restaurant-manager-main-V1\\restaurant-api\\database\\database.sqlite] does not exist. Ensure this is an absolute path to the database. at C:\\Users\\lione\\Yasou Taverna System\\digital-menu-main\\restaurant-manager-main-V1\\restaurant-api\\vendor\\laravel\\framework\\src\\Illuminate\\Database\\Connectors\\SQLiteConnector.php:59)
[stacktrace]
#0 C:\\Users\\lione\\Yasou Taverna System\\digital-menu-main\\restaurant-manager-main-V1\\restaurant-api\\vendor\\laravel\\framework\\src\\Illuminate\\Database\\Connectors\\SQLiteConnector.php(19): Illuminate\\Database\\Connectors\\SQLiteConnector->parseDatabasePath()
#1 C:\\Users\\lione\\Yasou Taverna System\\digital-menu-main\\restaurant-manager-main-V1\\restaurant-api\\vendor\\laravel\\framework\\src\\Illuminate\\Database\\Connectors\\ConnectionFactory.php(223): Illuminate\\Database\\Connectors\\SQLiteConnector->connect()
#2 [internal function]: Illuminate\\Database\\Connectors\\ConnectionFactory->{closure:Illuminate\\Database\\Connectors\\ConnectionFactory::createPdoResolverWithoutHosts():223}()
#3 C:\\Users\\lione\\Yasou Taverna System\\digital-menu-main\\restaurant-manager-main-V1\\restaurant-api\\vendor\\laravel\\framework\\src\\Illuminate\\Database\\Connection.php(1228): call_user_func()
#4 C:\\Users\\lione\\Yasou Taverna System\\digital-menu-main\\restaurant-manager-main-V1\\restaurant-api\\vendor\\laravel\\framework\\src\\Illuminate\\Database\\Connection.php(1264): Illuminate\\Database\\Connection->getPdo()
#5 C:\\Users\\lione\\Yasou Taverna System\\digital-menu-main\\restaurant-manager-main-V1\\restaurant-api\\vendor\\laravel\\framework\\src\\Illuminate\\Database\\Connection.php(509): Illuminate\\Database\\Connection->getReadPdo()
#6 C:\\Users\\lione\\Yasou Taverna System\\digital-menu-main\\restaurant-manager-main-V1\\restaurant-api\\vendor\\laravel\\framework\\src\\Illuminate\\Database\\Connection.php(404): Illuminate\\Database\\Connection->getPdoForSelect()
#7 C:\\Users\\lione\\Yasou Taverna System\\digital-menu-main\\restaurant-manager-main-V1\\restaurant-api\\vendor\\laravel\\framework\\src\\Illuminate\\Database\\Connection.php(809): Illuminate\\Database\\Connection->{closure:Illuminate\\Database\\Connection::select():395}()
#8 C:\\Users\\lione\\Yasou Taverna System\\digital-menu-main\\restaurant-manager-main-V1\\restaurant-api\\vendor\\laravel\\framework\\src\\Illuminate\\Database\\Connection.php(776): Illuminate\\Database\\Connection->runQueryCallback()
#9 C:\\Users\\lione\\Yasou Taverna System\\digital-menu-main\\restaurant-manager-main-V1\\restaurant-api\\vendor\\laravel\\framework\\src\\Illuminate\\Database\\Connection.php(395): Illuminate\\Database\\Connection->run()
#10 C:\\Users\\lione\\Yasou Taverna System\\digital-menu-main\\restaurant-manager-main-V1\\restaurant-api\\vendor\\laravel\\framework\\src\\Illuminate\\Database\\Query\\Builder.php(3131): Illuminate\\Database\\Connection->select()
#11 C:\\Users\\lione\\Yasou Taverna System\\digital-menu-main\\restaurant-manager-main-V1\\restaurant-api\\vendor\\laravel\\framework\\src\\Illuminate\\Database\\Query\\Builder.php(3116): Illuminate\\Database\\Query\\Builder->runSelect()
#12 C:\\Users\\lione\\Yasou Taverna System\\digital-menu-main\\restaurant-manager-main-V1\\restaurant-api\\vendor\\laravel\\framework\\src\\Illuminate\\Database\\Query\\Builder.php(3706): Illuminate\\Database\\Query\\Builder->{closure:Illuminate\\Database\\Query\\Builder::get():3115}()
#13 C:\\Users\\lione\\Yasou Taverna System\\digital-menu-main\\restaurant-manager-main-V1\\restaurant-api\\vendor\\laravel\\framework\\src\\Illuminate\\Database\\Query\\Builder.php(3115): Illuminate\\Database\\Query\\Builder->onceWithColumns()
#14 C:\\Users\\lione\\Yasou Taverna System\\digital-menu-main\\restaurant-manager-main-V1\\restaurant-api\\vendor\\laravel\\framework\\src\\Illuminate\\Database\\Query\\Builder.php(3310): Illuminate\\Database\\Query\\Builder->get()
#15 C:\\Users\\lione\\Yasou Taverna System\\digital-menu-main\\restaurant-manager-main-V1\\restaurant-api\\vendor\\laravel\\framework\\src\\Illuminate\\Database\\Query\\Builder.php(3269): Illuminate\\Database\\Query\\Builder->runPaginationCountQuery()
#16 C:\\Users\\lione\\Yasou Taverna System\\digital-menu-main\\restaurant-manager-main-V1\\restaurant-api\\vendor\\laravel\\framework\\src\\Illuminate\\Database\\Eloquent\\Builder.php(1090): Illuminate\\Database\\Query\\Builder->getCountForPagination()
#17 C:\\Users\\lione\\Yasou Taverna System\\digital-menu-main\\restaurant-manager-main-V1\\restaurant-api\\app\\Http\\Controllers\\Api\\OrderController.php(80): Illuminate\\Database\\Eloquent\\Builder->paginate()
#18 C:\\Users\\lione\\Yasou Taverna System\\digital-menu-main\\restaurant-manager-main-V1\\restaurant-api\\vendor\\laravel\\framework\\src\\Illuminate\\Routing\\ControllerDispatcher.php(46): App\\Http\\Controllers\\Api\\OrderController->index()
#19 C:\\Users\\lione\\Yasou Taverna System\\digital-menu-main\\restaurant-manager-main-V1\\restaurant-api\\vendor\\laravel\\framework\\src\\Illuminate\\Routing\\Route.php(265): Illuminate\\Routing\\ControllerDispatcher->dispatch()
#20 C:\\Users\\lione\\Yasou Taverna System\\digital-menu-main\\restaurant-manager-main-V1\\restaurant-api\\vendor\\laravel\\framework\\src\\Illuminate\\Routing\\Route.php(211): Illuminate\\Routing\\Route->runController()
#21 C:\\Users\\lione\\Yasou Taverna System\\digital-menu-main\\restaurant-manager-main-V1\\restaurant-api\\vendor\\laravel\\framework\\src\\Illuminate\\Routing\\Router.php(808): Illuminate\\Routing\\Route->run()
#22 C:\\Users\\lione\\Yasou Taverna System\\digital-menu-main\\restaurant-manager-main-V1\\restaurant-api\\vendor\\laravel\\framework\\src\\Illuminate\\Pipeline\\Pipeline.php(169): Illuminate\\Routing\\Router->{closure:Illuminate\\Routing\\Router::runRouteWithinStack():807}()
#23 C:\\Users\\lione\\Yasou Taverna System\\digital-menu-main\\restaurant-manager-main-V1\\restaurant-api\\vendor\\laravel\\framework\\src\\Illuminate\\Routing\\Middleware\\SubstituteBindings.php(50): Illuminate\\Pipeline\\Pipeline->{closure:Illuminate\\Pipeline\\Pipeline::prepareDestination():167}()
#24 C:\\Users\\lione\\Yasou Taverna System\\digital-menu-main\\restaurant-manager-main-V1\\restaurant-api\\vendor\\laravel\\framework\\src\\Illuminate\\Pipeline\\Pipeline.php(208): Illuminate\\Routing\\Middleware\\SubstituteBindings->handle()
#25 C:\\Users\\lione\\Yasou Taverna System\\digital-menu-main\\restaurant-manager-main-V1\\restaurant-api\\vendor\\laravel\\framework\\src\\Illuminate\\Pipeline\\Pipeline.php(126): Illuminate\\Pipeline\\Pipeline->{closure:{closure:Illuminate\\Pipeline\\Pipeline::carry():183}:184}()
#26 C:\\Users\\lione\\Yasou Taverna System\\digital-menu-main\\restaurant-manager-main-V1\\restaurant-api\\vendor\\laravel\\framework\\src\\Illuminate\\Routing\\Router.php(807): Illuminate\\Pipeline\\Pipeline->then()
#27 C:\\Users\\lione\\Yasou Taverna System\\digital-menu-main\\restaurant-manager-main-V1\\restaurant-api\\vendor\\laravel\\framework\\src\\Illuminate\\Routing\\Router.php(786): Illuminate\\Routing\\Router->runRouteWithinStack()
#28 C:\\Users\\lione\\Yasou Taverna System\\digital-menu-main\\restaurant-manager-main-V1\\restaurant-api\\vendor\\laravel\\framework\\src\\Illuminate\\Routing\\Router.php(750): Illuminate\\Routing\\Router->runRoute()
#29 C:\\Users\\lione\\Yasou Taverna System\\digital-menu-main\\restaurant-manager-main-V1\\restaurant-api\\vendor\\laravel\\framework\\src\\Illuminate\\Routing\\Router.php(739): Illuminate\\Routing\\Router->dispatchToRoute()
#30 C:\\Users\\lione\\Yasou Taverna System\\digital-menu-main\\restaurant-manager-main-V1\\restaurant-api\\vendor\\laravel\\framework\\src\\Illuminate\\Foundation\\Http\\Kernel.php(200): Illuminate\\Routing\\Router->dispatch()
#31 C:\\Users\\lione\\Yasou Taverna System\\digital-menu-main\\restaurant-manager-main-V1\\restaurant-api\\vendor\\laravel\\framework\\src\\Illuminate\\Pipeline\\Pipeline.php(169): Illuminate\\Foundation\\Http\\Kernel->{closure:Illuminate\\Foundation\\Http\\Kernel::dispatchToRouter():197}()
#32 C:\\Users\\lione\\Yasou Taverna System\\digital-menu-main\\restaurant-manager-main-V1\\restaurant-api\\vendor\\laravel\\framework\\src\\Illuminate\\Foundation\\Http\\Middleware\\TransformsRequest.php(21): Illuminate\\Pipeline\\Pipeline->{closure:Illuminate\\Pipeline\\Pipeline::prepareDestination():167}()
#33 C:\\Users\\lione\\Yasou Taverna System\\digital-menu-main\\restaurant-manager-main-V1\\restaurant-api\\vendor\\laravel\\framework\\src\\Illuminate\\Foundation\\Http\\Middleware\\ConvertEmptyStringsToNull.php(31): Illuminate\\Foundation\\Http\\Middleware\\TransformsRequest->handle()
#34 C:\\Users\\lione\\Yasou Taverna System\\digital-menu-main\\restaurant-manager-main-V1\\restaurant-api\\vendor\\laravel\\framework\\src\\Illuminate\\Pipeline\\Pipeline.php(208): Illuminate\\Foundation\\Http\\Middleware\\ConvertEmptyStringsToNull->handle()
#35 C:\\Users\\lione\\Yasou Taverna System\\digital-menu-main\\restaurant-manager-main-V1\\restaurant-api\\vendor\\laravel\\framework\\src\\Illuminate\\Foundation\\Http\\Middleware\\TransformsRequest.php(21): Illuminate\\Pipeline\\Pipeline->{closure:{closure:Illuminate\\Pipeline\\Pipeline::carry():183}:184}()
#36 C:\\Users\\lione\\Yasou Taverna System\\digital-menu-main\\restaurant-manager-main-V1\\restaurant-api\\vendor\\laravel\\framework\\src\\Illuminate\\Foundation\\Http\\Middleware\\TrimStrings.php(51): Illuminate\\Foundation\\Http\\Middleware\\TransformsRequest->handle()
#37 C:\\Users\\lione\\Yasou Taverna System\\digital-menu-main\\restaurant-manager-main-V1\\restaurant-api\\vendor\\laravel\\framework\\src\\Illuminate\\Pipeline\\Pipeline.php(208): Illuminate\\Foundation\\Http\\Middleware\\TrimStrings->handle()
#38 C:\\Users\\lione\\Yasou Taverna System\\digital-menu-main\\restaurant-manager-main-V1\\restaurant-api\\vendor\\laravel\\framework\\src\\Illuminate\\Http\\Middleware\\ValidatePostSize.php(27): Illuminate\\Pipeline\\Pipeline->{closure:{closure:Illuminate\\Pipeline\\Pipeline::carry():183}:184}()
#39 C:\\Users\\lione\\Yasou Taverna System\\digital-menu-main\\restaurant-manager-main-V1\\restaurant-api\\vendor\\laravel\\framework\\src\\Illuminate\\Pipeline\\Pipeline.php(208): Illuminate\\Http\\Middleware\\ValidatePostSize->handle()
#40 C:\\Users\\lione\\Yasou Taverna System\\digital-menu-main\\restaurant-manager-main-V1\\restaurant-api\\vendor\\laravel\\framework\\src\\Illuminate\\Foundation\\Http\\Middleware\\PreventRequestsDuringMaintenance.php(109): Illuminate\\Pipeline\\Pipeline->{closure:{closure:Illuminate\\Pipeline\\Pipeline::carry():183}:184}()
#41 C:\\Users\\lione\\Yasou Taverna System\\digital-menu-main\\restaurant-manager-main-V1\\restaurant-api\\vendor\\laravel\\framework\\src\\Illuminate\\Pipeline\\Pipeline.php(208): Illuminate\\Foundation\\Http\\Middleware\\PreventRequestsDuringMaintenance->handle()
#42 C:\\Users\\lione\\Yasou Taverna System\\digital-menu-main\\restaurant-manager-main-V1\\restaurant-api\\vendor\\laravel\\framework\\src\\Illuminate\\Http\\Middleware\\HandleCors.php(61): Illuminate\\Pipeline\\Pipeline->{closure:{closure:Illuminate\\Pipeline\\Pipeline::carry():183}:184}()
#43 C:\\Users\\lione\\Yasou Taverna System\\digital-menu-main\\restaurant-manager-main-V1\\restaurant-api\\vendor\\laravel\\framework\\src\\Illuminate\\Pipeline\\Pipeline.php(208): Illuminate\\Http\\Middleware\\HandleCors->handle()
#44 C:\\Users\\lione\\Yasou Taverna System\\digital-menu-main\\restaurant-manager-main-V1\\restaurant-api\\vendor\\laravel\\framework\\src\\Illuminate\\Http\\Middleware\\TrustProxies.php(58): Illuminate\\Pipeline\\Pipeline->{closure:{closure:Illuminate\\Pipeline\\Pipeline::carry():183}:184}()
#45 C:\\Users\\lione\\Yasou Taverna System\\digital-menu-main\\restaurant-manager-main-V1\\restaurant-api\\vendor\\laravel\\framework\\src\\Illuminate\\Pipeline\\Pipeline.php(208): Illuminate\\Http\\Middleware\\TrustProxies->handle()
#46 C:\\Users\\lione\\Yasou Taverna System\\digital-menu-main\\restaurant-manager-main-V1\\restaurant-api\\vendor\\laravel\\framework\\src\\Illuminate\\Foundation\\Http\\Middleware\\InvokeDeferredCallbacks.php(22): Illuminate\\Pipeline\\Pipeline->{closure:{closure:Illuminate\\Pipeline\\Pipeline::carry():183}:184}()
#47 C:\\Users\\lione\\Yasou Taverna System\\digital-menu-main\\restaurant-manager-main-V1\\restaurant-api\\vendor\\laravel\\framework\\src\\Illuminate\\Pipeline\\Pipeline.php(208): Illuminate\\Foundation\\Http\\Middleware\\InvokeDeferredCallbacks->handle()
#48 C:\\Users\\lione\\Yasou Taverna System\\digital-menu-main\\restaurant-manager-main-V1\\restaurant-api\\vendor\\laravel\\framework\\src\\Illuminate\\Http\\Middleware\\ValidatePathEncoding.php(26): Illuminate\\Pipeline\\Pipeline->{closure:{closure:Illuminate\\Pipeline\\Pipeline::carry():183}:184}()
#49 C:\\Users\\lione\\Yasou Taverna System\\digital-menu-main\\restaurant-manager-main-V1\\restaurant-api\\vendor\\laravel\\framework\\src\\Illuminate\\Pipeline\\Pipeline.php(208): Illuminate\\Http\\Middleware\\ValidatePathEncoding->handle()
#50 C:\\Users\\lione\\Yasou Taverna System\\digital-menu-main\\restaurant-manager-main-V1\\restaurant-api\\vendor\\laravel\\framework\\src\\Illuminate\\Pipeline\\Pipeline.php(126): Illuminate\\Pipeline\\Pipeline->{closure:{closure:Illuminate\\Pipeline\\Pipeline::carry():183}:184}()
#51 C:\\Users\\lione\\Yasou Taverna System\\digital-menu-main\\restaurant-manager-main-V1\\restaurant-api\\vendor\\laravel\\framework\\src\\Illuminate\\Foundation\\Http\\Kernel.php(175): Illuminate\\Pipeline\\Pipeline->then()
#52 C:\\Users\\lione\\Yasou Taverna System\\digital-menu-main\\restaurant-manager-main-V1\\restaurant-api\\vendor\\laravel\\framework\\src\\Illuminate\\Foundation\\Http\\Kernel.php(144): Illuminate\\Foundation\\Http\\Kernel->sendRequestThroughRouter()
#53 C:\\Users\\lione\\Yasou Taverna System\\digital-menu-main\\restaurant-manager-main-V1\\restaurant-api\\vendor\\laravel\\framework\\src\\Illuminate\\Foundation\\Application.php(1219): Illuminate\\Foundation\\Http\\Kernel->handle()
#54 C:\\Users\\lione\\Yasou Taverna System\\digital-menu-main\\restaurant-manager-main-V1\\restaurant-api\\public\\index.php(20): Illuminate\\Foundation\\Application->handleRequest()
#55 C:\\Users\\lione\\Yasou Taverna System\\digital-menu-main\\restaurant-manager-main-V1\\restaurant-api\\vendor\\laravel\\framework\\src\\Illuminate\\Foundation\\resources\\server.php(23): require_once('...')
#56 {main}
"} 
[2026-08-13 03:19:12] local.ERROR: Database file at path [C:\Users\lione\Yasou Taverna System\digital-menu-main\restaurant-manager-main-V1\restaurant-api\database\database.sqlite] does not exist. Ensure this is an absolute path to the database. (Connection: sqlite, SQL: select count(*) as aggregate from "orders") {"exception":"[object] (Illuminate\\Database\\QueryException(code: 0): Database file at path [C:\\Users\\lione\\Yasou Taverna System\\digital-menu-main\\restaurant-manager-main-V1\\restaurant-api\\database\\database.sqlite] does not exist. Ensure this is an absolute path to the database. (Connection: sqlite, SQL: select count(*) as aggregate from \"orders\") at C:\\Users\\lione\\Yasou Taverna System\\digital-menu-main\\restaurant-manager-main-V1\\restaurant-api\\vendor\\laravel\\framework\\src\\Illuminate\\Database\\Connection.php:822)
[stacktrace]
#0 C:\\Users\\lione\\Yasou Taverna System\\digital-menu-main\\restaurant-manager-main-V1\\restaurant-api\\vendor\\laravel\\framework\\src\\Illuminate\\Database\\Connection.php(776): Illuminate\\Database\\Connection->runQueryCallback()
#1 C:\\Users\\lione\\Yasou Taverna System\\digital-menu-main\\restaurant-manager-main-V1\\restaurant-api\\vendor\\laravel\\framework\\src\\Illuminate\\Database\\Connection.php(395): Illuminate\\Database\\Connection->run()
#2 C:\\Users\\lione\\Yasou Taverna System\\digital-menu-main\\restaurant-manager-main-V1\\restaurant-api\\vendor\\laravel\\framework\\src\\Illuminate\\Database\\Query\\Builder.php(3131): Illuminate\\Database\\Connection->select()
#3 C:\\Users\\lione\\Yasou Taverna System\\digital-menu-main\\restaurant-manager-main-V1\\restaurant-api\\vendor\\laravel\\framework\\src\\Illuminate\\Database\\Query\\Builder.php(3116): Illuminate\\Database\\Query\\Builder->runSelect()
#4 C:\\Users\\lione\\Yasou Taverna System\\digital-menu-main\\restaurant-manager-main-V1\\restaurant-api\\vendor\\laravel\\framework\\src\\Illuminate\\Database\\Query\\Builder.php(3706): Illuminate\\Database\\Query\\Builder->{closure:Illuminate\\Database\\Query\\Builder::get():3115}()
#5 C:\\Users\\lione\\Yasou Taverna System\\digital-menu-main\\restaurant-manager-main-V1\\restaurant-api\\vendor\\laravel\\framework\\src\\Illuminate\\Database\\Query\\Builder.php(3115): Illuminate\\Database\\Query\\Builder->onceWithColumns()
#6 C:\\Users\\lione\\Yasou Taverna System\\digital-menu-main\\restaurant-manager-main-V1\\restaurant-api\\vendor\\laravel\\framework\\src\\Illuminate\\Database\\Query\\Builder.php(3310): Illuminate\\Database\\Query\\Builder->get()
#7 C:\\Users\\lione\\Yasou Taverna System\\digital-menu-main\\restaurant-manager-main-V1\\restaurant-api\\vendor\\laravel\\framework\\src\\Illuminate\\Database\\Query\\Builder.php(3269): Illuminate\\Database\\Query\\Builder->runPaginationCountQuery()
#8 C:\\Users\\lione\\Yasou Taverna System\\digital-menu-main\\restaurant-manager-main-V1\\restaurant-api\\vendor\\laravel\\framework\\src\\Illuminate\\Database\\Eloquent\\Builder.php(1090): Illuminate\\Database\\Query\\Builder->getCountForPagination()
#9 C:\\Users\\lione\\Yasou Taverna System\\digital-menu-main\\restaurant-manager-main-V1\\restaurant-api\\app\\Http\\Controllers\\Api\\OrderController.php(80): Illuminate\\Database\\Eloquent\\Builder->paginate()
#10 C:\\Users\\lione\\Yasou Taverna System\\digital-menu-main\\restaurant-manager-main-V1\\restaurant-api\\vendor\\laravel\\framework\\src\\Illuminate\\Routing\\ControllerDispatcher.php(46): App\\Http\\Controllers\\Api\\OrderController->index()
#11 C:\\Users\\lione\\Yasou Taverna System\\digital-menu-main\\restaurant-manager-main-V1\\restaurant-api\\vendor\\laravel\\framework\\src\\Illuminate\\Routing\\Route.php(265): Illuminate\\Routing\\ControllerDispatcher->dispatch()
#12 C:\\Users\\lione\\Yasou Taverna System\\digital-menu-main\\restaurant-manager-main-V1\\restaurant-api\\vendor\\laravel\\framework\\src\\Illuminate\\Routing\\Route.php(211): Illuminate\\Routing\\Route->runController()
#13 C:\\Users\\lione\\Yasou Taverna System\\digital-menu-main\\restaurant-manager-main-V1\\restaurant-api\\vendor\\laravel\\framework\\src\\Illuminate\\Routing\\Router.php(808): Illuminate\\Routing\\Route->run()
#14 C:\\Users\\lione\\Yasou Taverna System\\digital-menu-main\\restaurant-manager-main-V1\\restaurant-api\\vendor\\laravel\\framework\\src\\Illuminate\\Pipeline\\Pipeline.php(169): Illuminate\\Routing\\Router->{closure:Illuminate\\Routing\\Router::runRouteWithinStack():807}()
#15 C:\\Users\\lione\\Yasou Taverna System\\digital-menu-main\\restaurant-manager-main-V1\\restaurant-api\\vendor\\laravel\\framework\\src\\Illuminate\\Routing\\Middleware\\SubstituteBindings.php(50): Illuminate\\Pipeline\\Pipeline->{closure:Illuminate\\Pipeline\\Pipeline::prepareDestination():167}()
#16 C:\\Users\\lione\\Yasou Taverna System\\digital-menu-main\\restaurant-manager-main-V1\\restaurant-api\\vendor\\laravel\\framework\\src\\Illuminate\\Pipeline\\Pipeline.php(208): Illuminate\\Routing\\Middleware\\SubstituteBindings->handle()
#17 C:\\Users\\lione\\Yasou Taverna System\\digital-menu-main\\restaurant-manager-main-V1\\restaurant-api\\vendor\\laravel\\framework\\src\\Illuminate\\Pipeline\\Pipeline.php(126): Illuminate\\Pipeline\\Pipeline->{closure:{closure:Illuminate\\Pipeline\\Pipeline::carry():183}:184}()
#18 C:\\Users\\lione\\Yasou Taverna System\\digital-menu-main\\restaurant-manager-main-V1\\restaurant-api\\vendor\\laravel\\framework\\src\\Illuminate\\Routing\\Router.php(807): Illuminate\\Pipeline\\Pipeline->then()
#19 C:\\Users\\lione\\Yasou Taverna System\\digital-menu-main\\restaurant-manager-main-V1\\restaurant-api\\vendor\\laravel\\framework\\src\\Illuminate\\Routing\\Router.php(786): Illuminate\\Routing\\Router->runRouteWithinStack()
#20 C:\\Users\\lione\\Yasou Taverna System\\digital-menu-main\\restaurant-manager-main-V1\\restaurant-api\\vendor\\laravel\\framework\\src\\Illuminate\\Routing\\Router.php(750): Illuminate\\Routing\\Router->runRoute()
#21 C:\\Users\\lione\\Yasou Taverna System\\digital-menu-main\\restaurant-manager-main-V1\\restaurant-api\\vendor\\laravel\\framework\\src\\Illuminate\\Routing\\Router.php(739): Illuminate\\Routing\\Router->dispatchToRoute()
#22 C:\\Users\\lione\\Yasou Taverna System\\digital-menu-main\\restaurant-manager-main-V1\\restaurant-api\\vendor\\laravel\\framework\\src\\Illuminate\\Foundation\\Http\\Kernel.php(200): Illuminate\\Routing\\Router->dispatch()
#23 C:\\Users\\lione\\Yasou Taverna System\\digital-menu-main\\restaurant-manager-main-V1\\restaurant-api\\vendor\\laravel\\framework\\src\\Illuminate\\Pipeline\\Pipeline.php(169): Illuminate\\Foundation\\Http\\Kernel->{closure:Illuminate\\Foundation\\Http\\Kernel::dispatchToRouter():197}()
#24 C:\\Users\\lione\\Yasou Taverna System\\digital-menu-main\\restaurant-manager-main-V1\\restaurant-api\\vendor\\laravel\\framework\\src\\Illuminate\\Foundation\\Http\\Middleware\\TransformsRequest.php(21): Illuminate\\Pipeline\\Pipeline->{closure:Illuminate\\Pipeline\\Pipeline::prepareDestination():167}()
#25 C:\\Users\\lione\\Yasou Taverna System\\digital-menu-main\\restaurant-manager-main-V1\\restaurant-api\\vendor\\laravel\\framework\\src\\Illuminate\\Foundation\\Http\\Middleware\\ConvertEmptyStringsToNull.php(31): Illuminate\\Foundation\\Http\\Middleware\\TransformsRequest->handle()
#26 C:\\Users\\lione\\Yasou Taverna System\\digital-menu-main\\restaurant-manager-main-V1\\restaurant-api\\vendor\\laravel\\framework\\src\\Illuminate\\Pipeline\\Pipeline.php(208): Illuminate\\Foundation\\Http\\Middleware\\ConvertEmptyStringsToNull->handle()
#27 C:\\Users\\lione\\Yasou Taverna System\\digital-menu-main\\restaurant-manager-main-V1\\restaurant-api\\vendor\\laravel\\framework\\src\\Illuminate\\Foundation\\Http\\Middleware\\TransformsRequest.php(21): Illuminate\\Pipeline\\Pipeline->{closure:{closure:Illuminate\\Pipeline\\Pipeline::carry():183}:184}()
#28 C:\\Users\\lione\\Yasou Taverna System\\digital-menu-main\\restaurant-manager-main-V1\\restaurant-api\\vendor\\laravel\\framework\\src\\Illuminate\\Foundation\\Http\\Middleware\\TrimStrings.php(51): Illuminate\\Foundation\\Http\\Middleware\\TransformsRequest->handle()
#29 C:\\Users\\lione\\Yasou Taverna System\\digital-menu-main\\restaurant-manager-main-V1\\restaurant-api\\vendor\\laravel\\framework\\src\\Illuminate\\Pipeline\\Pipeline.php(208): Illuminate\\Foundation\\Http\\Middleware\\TrimStrings->handle()
#30 C:\\Users\\lione\\Yasou Taverna System\\digital-menu-main\\restaurant-manager-main-V1\\restaurant-api\\vendor\\laravel\\framework\\src\\Illuminate\\Http\\Middleware\\ValidatePostSize.php(27): Illuminate\\Pipeline\\Pipeline->{closure:{closure:Illuminate\\Pipeline\\Pipeline::carry():183}:184}()
#31 C:\\Users\\lione\\Yasou Taverna System\\digital-menu-main\\restaurant-manager-main-V1\\restaurant-api\\vendor\\laravel\\framework\\src\\Illuminate\\Pipeline\\Pipeline.php(208): Illuminate\\Http\\Middleware\\ValidatePostSize->handle()
#32 C:\\Users\\lione\\Yasou Taverna System\\digital-menu-main\\restaurant-manager-main-V1\\restaurant-api\\vendor\\laravel\\framework\\src\\Illuminate\\Foundation\\Http\\Middleware\\PreventRequestsDuringMaintenance.php(109): Illuminate\\Pipeline\\Pipeline->{closure:{closure:Illuminate\\Pipeline\\Pipeline::carry():183}:184}()
#33 C:\\Users\\lione\\Yasou Taverna System\\digital-menu-main\\restaurant-manager-main-V1\\restaurant-api\\vendor\\laravel\\framework\\src\\Illuminate\\Pipeline\\Pipeline.php(208): Illuminate\\Foundation\\Http\\Middleware\\PreventRequestsDuringMaintenance->handle()
#34 C:\\Users\\lione\\Yasou Taverna System\\digital-menu-main\\restaurant-manager-main-V1\\restaurant-api\\vendor\\laravel\\framework\\src\\Illuminate\\Http\\Middleware\\HandleCors.php(61): Illuminate\\Pipeline\\Pipeline->{closure:{closure:Illuminate\\Pipeline\\Pipeline::carry():183}:184}()
#35 C:\\Users\\lione\\Yasou Taverna System\\digital-menu-main\\restaurant-manager-main-V1\\restaurant-api\\vendor\\laravel\\framework\\src\\Illuminate\\Pipeline\\Pipeline.php(208): Illuminate\\Http\\Middleware\\HandleCors->handle()
#36 C:\\Users\\lione\\Yasou Taverna System\\digital-menu-main\\restaurant-manager-main-V1\\restaurant-api\\vendor\\laravel\\framework\\src\\Illuminate\\Http\\Middleware\\TrustProxies.php(58): Illuminate\\Pipeline\\Pipeline->{closure:{closure:Illuminate\\Pipeline\\Pipeline::carry():183}:184}()
#37 C:\\Users\\lione\\Yasou Taverna System\\digital-menu-main\\restaurant-manager-main-V1\\restaurant-api\\vendor\\laravel\\framework\\src\\Illuminate\\Pipeline\\Pipeline.php(208): Illuminate\\Http\\Middleware\\TrustProxies->handle()
#38 C:\\Users\\lione\\Yasou Taverna System\\digital-menu-main\\restaurant-manager-main-V1\\restaurant-api\\vendor\\laravel\\framework\\src\\Illuminate\\Foundation\\Http\\Middleware\\InvokeDeferredCallbacks.php(22): Illuminate\\Pipeline\\Pipeline->{closure:{closure:Illuminate\\Pipeline\\Pipeline::carry():183}:184}()
#39 C:\\Users\\lione\\Yasou Taverna System\\digital-menu-main\\restaurant-manager-main-V1\\restaurant-api\\vendor\\laravel\\framework\\src\\Illuminate\\Pipeline\\Pipeline.php(208): Illuminate\\Foundation\\Http\\Middleware\\InvokeDeferredCallbacks->handle()
#40 C:\\Users\\lione\\Yasou Taverna System\\digital-menu-main\\restaurant-manager-main-V1\\restaurant-api\\vendor\\laravel\\framework\\src\\Illuminate\\Http\\Middleware\\ValidatePathEncoding.php(26): Illuminate\\Pipeline\\Pipeline->{closure:{closure:Illuminate\\Pipeline\\Pipeline::carry():183}:184}()
#41 C:\\Users\\lione\\Yasou Taverna System\\digital-menu-main\\restaurant-manager-main-V1\\restaurant-api\\vendor\\laravel\\framework\\src\\Illuminate\\Pipeline\\Pipeline.php(208): Illuminate\\Http\\Middleware\\ValidatePathEncoding->handle()
#42 C:\\Users\\lione\\Yasou Taverna System\\digital-menu-main\\restaurant-manager-main-V1\\restaurant-api\\vendor\\laravel\\framework\\src\\Illuminate\\Pipeline\\Pipeline.php(126): Illuminate\\Pipeline\\Pipeline->{closure:{closure:Illuminate\\Pipeline\\Pipeline::carry():183}:184}()
#43 C:\\Users\\lione\\Yasou Taverna System\\digital-menu-main\\restaurant-manager-main-V1\\restaurant-api\\vendor\\laravel\\framework\\src\\Illuminate\\Foundation\\Http\\Kernel.php(175): Illuminate\\Pipeline\\Pipeline->then()
#44 C:\\Users\\lione\\Yasou Taverna System\\digital-menu-main\\restaurant-manager-main-V1\\restaurant-api\\vendor\\laravel\\framework\\src\\Illuminate\\Foundation\\Http\\Kernel.php(144): Illuminate\\Foundation\\Http\\Kernel->sendRequestThroughRouter()
#45 C:\\Users\\lione\\Yasou Taverna System\\digital-menu-main\\restaurant-manager-main-V1\\restaurant-api\\vendor\\laravel\\framework\\src\\Illuminate\\Foundation\\Application.php(1219): Illuminate\\Foundation\\Http\\Kernel->handle()
#46 C:\\Users\\lione\\Yasou Taverna System\\digital-menu-main\\restaurant-manager-main-V1\\restaurant-api\\public\\index.php(20): Illuminate\\Foundation\\Application->handleRequest()
#47 C:\\Users\\lione\\Yasou Taverna System\\digital-menu-main\\restaurant-manager-main-V1\\restaurant-api\\vendor\\laravel\\framework\\src\\Illuminate\\Foundation\\resources\\server.php(23): require_once('...')
#48 {main}

[previous exception] [object] (Illuminate\\Database\\SQLiteDatabaseDoesNotExistException(code: 0): Database file at path [C:\\Users\\lione\\Yasou Taverna System\\digital-menu-main\\restaurant-manager-main-V1\\restaurant-api\\database\\database.sqlite] does not exist. Ensure this is an absolute path to the database. at C:\\Users\\lione\\Yasou Taverna System\\digital-menu-main\\restaurant-manager-main-V1\\restaurant-api\\vendor\\laravel\\framework\\src\\Illuminate\\Database\\Connectors\\SQLiteConnector.php:59)
[stacktrace]
#0 C:\\Users\\lione\\Yasou Taverna System\\digital-menu-main\\restaurant-manager-main-V1\\restaurant-api\\vendor\\laravel\\framework\\src\\Illuminate\\Database\\Connectors\\SQLiteConnector.php(19): Illuminate\\Database\\Connectors\\SQLiteConnector->parseDatabasePath()
#1 C:\\Users\\lione\\Yasou Taverna System\\digital-menu-main\\restaurant-manager-main-V1\\restaurant-api\\vendor\\laravel\\framework\\src\\Illuminate\\Database\\Connectors\\ConnectionFactory.php(223): Illuminate\\Database\\Connectors\\SQLiteConnector->connect()
#2 [internal function]: Illuminate\\Database\\Connectors\\ConnectionFactory->{closure:Illuminate\\Database\\Connectors\\ConnectionFactory::createPdoResolverWithoutHosts():223}()
#3 C:\\Users\\lione\\Yasou Taverna System\\digital-menu-main\\restaurant-manager-main-V1\\restaurant-api\\vendor\\laravel\\framework\\src\\Illuminate\\Database\\Connection.php(1228): call_user_func()
#4 C:\\Users\\lione\\Yasou Taverna System\\digital-menu-main\\restaurant-manager-main-V1\\restaurant-api\\vendor\\laravel\\framework\\src\\Illuminate\\Database\\Connection.php(1264): Illuminate\\Database\\Connection->getPdo()
#5 C:\\Users\\lione\\Yasou Taverna System\\digital-menu-main\\restaurant-manager-main-V1\\restaurant-api\\vendor\\laravel\\framework\\src\\Illuminate\\Database\\Connection.php(509): Illuminate\\Database\\Connection->getReadPdo()
#6 C:\\Users\\lione\\Yasou Taverna System\\digital-menu-main\\restaurant-manager-main-V1\\restaurant-api\\vendor\\laravel\\framework\\src\\Illuminate\\Database\\Connection.php(404): Illuminate\\Database\\Connection->getPdoForSelect()
#7 C:\\Users\\lione\\Yasou Taverna System\\digital-menu-main\\restaurant-manager-main-V1\\restaurant-api\\vendor\\laravel\\framework\\src\\Illuminate\\Database\\Connection.php(809): Illuminate\\Database\\Connection->{closure:Illuminate\\Database\\Connection::select():395}()
#8 C:\\Users\\lione\\Yasou Taverna System\\digital-menu-main\\restaurant-manager-main-V1\\restaurant-api\\vendor\\laravel\\framework\\src\\Illuminate\\Database\\Connection.php(776): Illuminate\\Database\\Connection->runQueryCallback()
#9 C:\\Users\\lione\\Yasou Taverna System\\digital-menu-main\\restaurant-manager-main-V1\\restaurant-api\\vendor\\laravel\\framework\\src\\Illuminate\\Database\\Connection.php(395): Illuminate\\Database\\Connection->run()
#10 C:\\Users\\lione\\Yasou Taverna System\\digital-menu-main\\restaurant-manager-main-V1\\restaurant-api\\vendor\\laravel\\framework\\src\\Illuminate\\Database\\Query\\Builder.php(3131): Illuminate\\Database\\Connection->select()
#11 C:\\Users\\lione\\Yasou Taverna System\\digital-menu-main\\restaurant-manager-main-V1\\restaurant-api\\vendor\\laravel\\framework\\src\\Illuminate\\Database\\Query\\Builder.php(3116): Illuminate\\Database\\Query\\Builder->runSelect()
#12 C:\\Users\\lione\\Yasou Taverna System\\digital-menu-main\\restaurant-manager-main-V1\\restaurant-api\\vendor\\laravel\\framework\\src\\Illuminate\\Database\\Query\\Builder.php(3706): Illuminate\\Database\\Query\\Builder->{closure:Illuminate\\Database\\Query\\Builder::get():3115}()
#13 C:\\Users\\lione\\Yasou Taverna System\\digital-menu-main\\restaurant-manager-main-V1\\restaurant-api\\vendor\\laravel\\framework\\src\\Illuminate\\Database\\Query\\Builder.php(3115): Illuminate\\Database\\Query\\Builder->onceWithColumns()
#14 C:\\Users\\lione\\Yasou Taverna System\\digital-menu-main\\restaurant-manager-main-V1\\restaurant-api\\vendor\\laravel\\framework\\src\\Illuminate\\Database\\Query\\Builder.php(3310): Illuminate\\Database\\Query\\Builder->get()
#15 C:\\Users\\lione\\Yasou Taverna System\\digital-menu-main\\restaurant-manager-main-V1\\restaurant-api\\vendor\\laravel\\framework\\src\\Illuminate\\Database\\Query\\Builder.php(3269): Illuminate\\Database\\Query\\Builder->runPaginationCountQuery()
#16 C:\\Users\\lione\\Yasou Taverna System\\digital-menu-main\\restaurant-manager-main-V1\\restaurant-api\\vendor\\laravel\\framework\\src\\Illuminate\\Database\\Eloquent\\Builder.php(1090): Illuminate\\Database\\Query\\Builder->getCountForPagination()
#17 C:\\Users\\lione\\Yasou Taverna System\\digital-menu-main\\restaurant-manager-main-V1\\restaurant-api\\app\\Http\\Controllers\\Api\\OrderController.php(80): Illuminate\\Database\\Eloquent\\Builder->paginate()
#18 C:\\Users\\lione\\Yasou Taverna System\\digital-menu-main\\restaurant-manager-main-V1\\restaurant-api\\vendor\\laravel\\framework\\src\\Illuminate\\Routing\\ControllerDispatcher.php(46): App\\Http\\Controllers\\Api\\OrderController->index()
#19 C:\\Users\\lione\\Yasou Taverna System\\digital-menu-main\\restaurant-manager-main-V1\\restaurant-api\\vendor\\laravel\\framework\\src\\Illuminate\\Routing\\Route.php(265): Illuminate\\Routing\\ControllerDispatcher->dispatch()
#20 C:\\Users\\lione\\Yasou Taverna System\\digital-menu-main\\restaurant-manager-main-V1\\restaurant-api\\vendor\\laravel\\framework\\src\\Illuminate\\Routing\\Route.php(211): Illuminate\\Routing\\Route->runController()
#21 C:\\Users\\lione\\Yasou Taverna System\\digital-menu-main\\restaurant-manager-main-V1\\restaurant-api\\vendor\\laravel\\framework\\src\\Illuminate\\Routing\\Router.php(808): Illuminate\\Routing\\Route->run()
#22 C:\\Users\\lione\\Yasou Taverna System\\digital-menu-main\\restaurant-manager-main-V1\\restaurant-api\\vendor\\laravel\\framework\\src\\Illuminate\\Pipeline\\Pipeline.php(169): Illuminate\\Routing\\Router->{closure:Illuminate\\Routing\\Router::runRouteWithinStack():807}()
#23 C:\\Users\\lione\\Yasou Taverna System\\digital-menu-main\\restaurant-manager-main-V1\\restaurant-api\\vendor\\laravel\\framework\\src\\Illuminate\\Routing\\Middleware\\SubstituteBindings.php(50): Illuminate\\Pipeline\\Pipeline->{closure:Illuminate\\Pipeline\\Pipeline::prepareDestination():167}()
#24 C:\\Users\\lione\\Yasou Taverna System\\digital-menu-main\\restaurant-manager-main-V1\\restaurant-api\\vendor\\laravel\\framework\\src\\Illuminate\\Pipeline\\Pipeline.php(208): Illuminate\\Routing\\Middleware\\SubstituteBindings->handle()
#25 C:\\Users\\lione\\Yasou Taverna System\\digital-menu-main\\restaurant-manager-main-V1\\restaurant-api\\vendor\\laravel\\framework\\src\\Illuminate\\Pipeline\\Pipeline.php(126): Illuminate\\Pipeline\\Pipeline->{closure:{closure:Illuminate\\Pipeline\\Pipeline::carry():183}:184}()
#26 C:\\Users\\lione\\Yasou Taverna System\\digital-menu-main\\restaurant-manager-main-V1\\restaurant-api\\vendor\\laravel\\framework\\src\\Illuminate\\Routing\\Router.php(807): Illuminate\\Pipeline\\Pipeline->then()
#27 C:\\Users\\lione\\Yasou Taverna System\\digital-menu-main\\restaurant-manager-main-V1\\restaurant-api\\vendor\\laravel\\framework\\src\\Illuminate\\Routing\\Router.php(786): Illuminate\\Routing\\Router->runRouteWithinStack()
#28 C:\\Users\\lione\\Yasou Taverna System\\digital-menu-main\\restaurant-manager-main-V1\\restaurant-api\\vendor\\laravel\\framework\\src\\Illuminate\\Routing\\Router.php(750): Illuminate\\Routing\\Router->runRoute()
#29 C:\\Users\\lione\\Yasou Taverna System\\digital-menu-main\\restaurant-manager-main-V1\\restaurant-api\\vendor\\laravel\\framework\\src\\Illuminate\\Routing\\Router.php(739): Illuminate\\Routing\\Router->dispatchToRoute()
#30 C:\\Users\\lione\\Yasou Taverna System\\digital-menu-main\\restaurant-manager-main-V1\\restaurant-api\\vendor\\laravel\\framework\\src\\Illuminate\\Foundation\\Http\\Kernel.php(200): Illuminate\\Routing\\Router->dispatch()
#31 C:\\Users\\lione\\Yasou Taverna System\\digital-menu-main\\restaurant-manager-main-V1\\restaurant-api\\vendor\\laravel\\framework\\src\\Illuminate\\Pipeline\\Pipeline.php(169): Illuminate\\Foundation\\Http\\Kernel->{closure:Illuminate\\Foundation\\Http\\Kernel::dispatchToRouter():197}()
#32 C:\\Users\\lione\\Yasou Taverna System\\digital-menu-main\\restaurant-manager-main-V1\\restaurant-api\\vendor\\laravel\\framework\\src\\Illuminate\\Foundation\\Http\\Middleware\\TransformsRequest.php(21): Illuminate\\Pipeline\\Pipeline->{closure:Illuminate\\Pipeline\\Pipeline::prepareDestination():167}()
#33 C:\\Users\\lione\\Yasou Taverna System\\digital-menu-main\\restaurant-manager-main-V1\\restaurant-api\\vendor\\laravel\\framework\\src\\Illuminate\\Foundation\\Http\\Middleware\\ConvertEmptyStringsToNull.php(31): Illuminate\\Foundation\\Http\\Middleware\\TransformsRequest->handle()
#34 C:\\Users\\lione\\Yasou Taverna System\\digital-menu-main\\restaurant-manager-main-V1\\restaurant-api\\vendor\\laravel\\framework\\src\\Illuminate\\Pipeline\\Pipeline.php(208): Illuminate\\Foundation\\Http\\Middleware\\ConvertEmptyStringsToNull->handle()
#35 C:\\Users\\lione\\Yasou Taverna System\\digital-menu-main\\restaurant-manager-main-V1\\restaurant-api\\vendor\\laravel\\framework\\src\\Illuminate\\Foundation\\Http\\Middleware\\TransformsRequest.php(21): Illuminate\\Pipeline\\Pipeline->{closure:{closure:Illuminate\\Pipeline\\Pipeline::carry():183}:184}()
#36 C:\\Users\\lione\\Yasou Taverna System\\digital-menu-main\\restaurant-manager-main-V1\\restaurant-api\\vendor\\laravel\\framework\\src\\Illuminate\\Foundation\\Http\\Middleware\\TrimStrings.php(51): Illuminate\\Foundation\\Http\\Middleware\\TransformsRequest->handle()
#37 C:\\Users\\lione\\Yasou Taverna System\\digital-menu-main\\restaurant-manager-main-V1\\restaurant-api\\vendor\\laravel\\framework\\src\\Illuminate\\Pipeline\\Pipeline.php(208): Illuminate\\Foundation\\Http\\Middleware\\TrimStrings->handle()
#38 C:\\Users\\lione\\Yasou Taverna System\\digital-menu-main\\restaurant-manager-main-V1\\restaurant-api\\vendor\\laravel\\framework\\src\\Illuminate\\Http\\Middleware\\ValidatePostSize.php(27): Illuminate\\Pipeline\\Pipeline->{closure:{closure:Illuminate\\Pipeline\\Pipeline::carry():183}:184}()
#39 C:\\Users\\lione\\Yasou Taverna System\\digital-menu-main\\restaurant-manager-main-V1\\restaurant-api\\vendor\\laravel\\framework\\src\\Illuminate\\Pipeline\\Pipeline.php(208): Illuminate\\Http\\Middleware\\ValidatePostSize->handle()
#40 C:\\Users\\lione\\Yasou Taverna System\\digital-menu-main\\restaurant-manager-main-V1\\restaurant-api\\vendor\\laravel\\framework\\src\\Illuminate\\Foundation\\Http\\Middleware\\PreventRequestsDuringMaintenance.php(109): Illuminate\\Pipeline\\Pipeline->{closure:{closure:Illuminate\\Pipeline\\Pipeline::carry():183}:184}()
#41 C:\\Users\\lione\\Yasou Taverna System\\digital-menu-main\\restaurant-manager-main-V1\\restaurant-api\\vendor\\laravel\\framework\\src\\Illuminate\\Pipeline\\Pipeline.php(208): Illuminate\\Foundation\\Http\\Middleware\\PreventRequestsDuringMaintenance->handle()
#42 C:\\Users\\lione\\Yasou Taverna System\\digital-menu-main\\restaurant-manager-main-V1\\restaurant-api\\vendor\\laravel\\framework\\src\\Illuminate\\Http\\Middleware\\HandleCors.php(61): Illuminate\\Pipeline\\Pipeline->{closure:{closure:Illuminate\\Pipeline\\Pipeline::carry():183}:184}()
#43 C:\\Users\\lione\\Yasou Taverna System\\digital-menu-main\\restaurant-manager-main-V1\\restaurant-api\\vendor\\laravel\\framework\\src\\Illuminate\\Pipeline\\Pipeline.php(208): Illuminate\\Http\\Middleware\\HandleCors->handle()
#44 C:\\Users\\lione\\Yasou Taverna System\\digital-menu-main\\restaurant-manager-main-V1\\restaurant-api\\vendor\\laravel\\framework\\src\\Illuminate\\Http\\Middleware\\TrustProxies.php(58): Illuminate\\Pipeline\\Pipeline->{closure:{closure:Illuminate\\Pipeline\\Pipeline::carry():183}:184}()
#45 C:\\Users\\lione\\Yasou Taverna System\\digital-menu-main\\restaurant-manager-main-V1\\restaurant-api\\vendor\\laravel\\framework\\src\\Illuminate\\Pipeline\\Pipeline.php(208): Illuminate\\Http\\Middleware\\TrustProxies->handle()
#46 C:\\Users\\lione\\Yasou Taverna System\\digital-menu-main\\restaurant-manager-main-V1\\restaurant-api\\vendor\\laravel\\framework\\src\\Illuminate\\Foundation\\Http\\Middleware\\InvokeDeferredCallbacks.php(22): Illuminate\\Pipeline\\Pipeline->{closure:{closure:Illuminate\\Pipeline\\Pipeline::carry():183}:184}()
#47 C:\\Users\\lione\\Yasou Taverna System\\digital-menu-main\\restaurant-manager-main-V1\\restaurant-api\\vendor\\laravel\\framework\\src\\Illuminate\\Pipeline\\Pipeline.php(208): Illuminate\\Foundation\\Http\\Middleware\\InvokeDeferredCallbacks->handle()
#48 C:\\Users\\lione\\Yasou Taverna System\\digital-menu-main\\restaurant-manager-main-V1\\restaurant-api\\vendor\\laravel\\framework\\src\\Illuminate\\Http\\Middleware\\ValidatePathEncoding.php(26): Illuminate\\Pipeline\\Pipeline->{closure:{closure:Illuminate\\Pipeline\\Pipeline::carry():183}:184}()
#49 C:\\Users\\lione\\Yasou Taverna System\\digital-menu-main\\restaurant-manager-main-V1\\restaurant-api\\vendor\\laravel\\framework\\src\\Illuminate\\Pipeline\\Pipeline.php(208): Illuminate\\Http\\Middleware\\ValidatePathEncoding->handle()
#50 C:\\Users\\lione\\Yasou Taverna System\\digital-menu-main\\restaurant-manager-main-V1\\restaurant-api\\vendor\\laravel\\framework\\src\\Illuminate\\Pipeline\\Pipeline.php(126): Illuminate\\Pipeline\\Pipeline->{closure:{closure:Illuminate\\Pipeline\\Pipeline::carry():183}:184}()
#51 C:\\Users\\lione\\Yasou Taverna System\\digital-menu-main\\restaurant-manager-main-V1\\restaurant-api\\vendor\\laravel\\framework\\src\\Illuminate\\Foundation\\Http\\Kernel.php(175): Illuminate\\Pipeline\\Pipeline->then()
#52 C:\\Users\\lione\\Yasou Taverna System\\digital-menu-main\\restaurant-manager-main-V1\\restaurant-api\\vendor\\laravel\\framework\\src\\Illuminate\\Foundation\\Http\\Kernel.php(144): Illuminate\\Foundation\\Http\\Kernel->sendRequestThroughRouter()
#53 C:\\Users\\lione\\Yasou Taverna System\\digital-menu-main\\restaurant-manager-main-V1\\restaurant-api\\vendor\\laravel\\framework\\src\\Illuminate\\Foundation\\Application.php(1219): Illuminate\\Foundation\\Http\\Kernel->handle()
#54 C:\\Users\\lione\\Yasou Taverna System\\digital-menu-main\\restaurant-manager-main-V1\\restaurant-api\\public\\index.php(20): Illuminate\\Foundation\\Application->handleRequest()
#55 C:\\Users\\lione\\Yasou Taverna System\\digital-menu-main\\restaurant-manager-main-V1\\restaurant-api\\vendor\\laravel\\framework\\src\\Illuminate\\Foundation\\resources\\server.php(23): require_once('...')
#56 {main}
"} 
[2026-08-13 03:20:17] local.ERROR: could not find driver (Connection: sqlite, SQL: select exists (select 1 from "main".sqlite_master where name = 'migrations' and type = 'table') as "exists") {"exception":"[object] (Illuminate\\Database\\QueryException(code: 0): could not find driver (Connection: sqlite, SQL: select exists (select 1 from \"main\".sqlite_master where name = 'migrations' and type = 'table') as \"exists\") at C:\\Users\\lione\\Yasou Taverna System\\digital-menu-main\\restaurant-manager-main-V1\\restaurant-api\\vendor\\laravel\\framework\\src\\Illuminate\\Database\\Connection.php:822)
[stacktrace]
#0 C:\\Users\\lione\\Yasou Taverna System\\digital-menu-main\\restaurant-manager-main-V1\\restaurant-api\\vendor\\laravel\\framework\\src\\Illuminate\\Database\\Connection.php(776): Illuminate\\Database\\Connection->runQueryCallback()
#1 C:\\Users\\lione\\Yasou Taverna System\\digital-menu-main\\restaurant-manager-main-V1\\restaurant-api\\vendor\\laravel\\framework\\src\\Illuminate\\Database\\Connection.php(395): Illuminate\\Database\\Connection->run()
#2 C:\\Users\\lione\\Yasou Taverna System\\digital-menu-main\\restaurant-manager-main-V1\\restaurant-api\\vendor\\laravel\\framework\\src\\Illuminate\\Database\\Connection.php(341): Illuminate\\Database\\Connection->select()
#3 C:\\Users\\lione\\Yasou Taverna System\\digital-menu-main\\restaurant-manager-main-V1\\restaurant-api\\vendor\\laravel\\framework\\src\\Illuminate\\Database\\Connection.php(358): Illuminate\\Database\\Connection->selectOne()
#4 C:\\Users\\lione\\Yasou Taverna System\\digital-menu-main\\restaurant-manager-main-V1\\restaurant-api\\vendor\\laravel\\framework\\src\\Illuminate\\Database\\Schema\\Builder.php(174): Illuminate\\Database\\Connection->scalar()
#5 C:\\Users\\lione\\Yasou Taverna System\\digital-menu-main\\restaurant-manager-main-V1\\restaurant-api\\vendor\\laravel\\framework\\src\\Illuminate\\Database\\Migrations\\DatabaseMigrationRepository.php(183): Illuminate\\Database\\Schema\\Builder->hasTable()
#6 C:\\Users\\lione\\Yasou Taverna System\\digital-menu-main\\restaurant-manager-main-V1\\restaurant-api\\vendor\\laravel\\framework\\src\\Illuminate\\Database\\Migrations\\Migrator.php(749): Illuminate\\Database\\Migrations\\DatabaseMigrationRepository->repositoryExists()
#7 C:\\Users\\lione\\Yasou Taverna System\\digital-menu-main\\restaurant-manager-main-V1\\restaurant-api\\vendor\\laravel\\framework\\src\\Illuminate\\Database\\Console\\Migrations\\MigrateCommand.php(164): Illuminate\\Database\\Migrations\\Migrator->repositoryExists()
#8 C:\\Users\\lione\\Yasou Taverna System\\digital-menu-main\\restaurant-manager-main-V1\\restaurant-api\\vendor\\laravel\\framework\\src\\Illuminate\\Support\\helpers.php(338): Illuminate\\Database\\Console\\Migrations\\MigrateCommand->{closure:Illuminate\\Database\\Console\\Migrations\\MigrateCommand::repositoryExists():164}()
#9 C:\\Users\\lione\\Yasou Taverna System\\digital-menu-main\\restaurant-manager-main-V1\\restaurant-api\\vendor\\laravel\\framework\\src\\Illuminate\\Database\\Console\\Migrations\\MigrateCommand.php(164): retry()
#10 C:\\Users\\lione\\Yasou Taverna System\\digital-menu-main\\restaurant-manager-main-V1\\restaurant-api\\vendor\\laravel\\framework\\src\\Illuminate\\Database\\Console\\Migrations\\MigrateCommand.php(140): Illuminate\\Database\\Console\\Migrations\\MigrateCommand->repositoryExists()
#11 C:\\Users\\lione\\Yasou Taverna System\\digital-menu-main\\restaurant-manager-main-V1\\restaurant-api\\vendor\\laravel\\framework\\src\\Illuminate\\Database\\Console\\Migrations\\MigrateCommand.php(110): Illuminate\\Database\\Console\\Migrations\\MigrateCommand->prepareDatabase()
#12 C:\\Users\\lione\\Yasou Taverna System\\digital-menu-main\\restaurant-manager-main-V1\\restaurant-api\\vendor\\laravel\\framework\\src\\Illuminate\\Database\\Migrations\\Migrator.php(665): Illuminate\\Database\\Console\\Migrations\\MigrateCommand->{closure:Illuminate\\Database\\Console\\Migrations\\MigrateCommand::runMigrations():109}()
#13 C:\\Users\\lione\\Yasou Taverna System\\digital-menu-main\\restaurant-manager-main-V1\\restaurant-api\\vendor\\laravel\\framework\\src\\Illuminate\\Database\\Console\\Migrations\\MigrateCommand.php(109): Illuminate\\Database\\Migrations\\Migrator->usingConnection()
#14 C:\\Users\\lione\\Yasou Taverna System\\digital-menu-main\\restaurant-manager-main-V1\\restaurant-api\\vendor\\laravel\\framework\\src\\Illuminate\\Database\\Console\\Migrations\\MigrateCommand.php(88): Illuminate\\Database\\Console\\Migrations\\MigrateCommand->runMigrations()
#15 C:\\Users\\lione\\Yasou Taverna System\\digital-menu-main\\restaurant-manager-main-V1\\restaurant-api\\vendor\\laravel\\framework\\src\\Illuminate\\Container\\BoundMethod.php(36): Illuminate\\Database\\Console\\Migrations\\MigrateCommand->handle()
#16 C:\\Users\\lione\\Yasou Taverna System\\digital-menu-main\\restaurant-manager-main-V1\\restaurant-api\\vendor\\laravel\\framework\\src\\Illuminate\\Container\\Util.php(43): Illuminate\\Container\\BoundMethod::{closure:Illuminate\\Container\\BoundMethod::call():35}()
#17 C:\\Users\\lione\\Yasou Taverna System\\digital-menu-main\\restaurant-manager-main-V1\\restaurant-api\\vendor\\laravel\\framework\\src\\Illuminate\\Container\\BoundMethod.php(96): Illuminate\\Container\\Util::unwrapIfClosure()
#18 C:\\Users\\lione\\Yasou Taverna System\\digital-menu-main\\restaurant-manager-main-V1\\restaurant-api\\vendor\\laravel\\framework\\src\\Illuminate\\Container\\BoundMethod.php(35): Illuminate\\Container\\BoundMethod::callBoundMethod()
#19 C:\\Users\\lione\\Yasou Taverna System\\digital-menu-main\\restaurant-manager-main-V1\\restaurant-api\\vendor\\laravel\\framework\\src\\Illuminate\\Container\\Container.php(754): Illuminate\\Container\\BoundMethod::call()
#20 C:\\Users\\lione\\Yasou Taverna System\\digital-menu-main\\restaurant-manager-main-V1\\restaurant-api\\vendor\\laravel\\framework\\src\\Illuminate\\Console\\Command.php(209): Illuminate\\Container\\Container->call()
#21 C:\\Users\\lione\\Yasou Taverna System\\digital-menu-main\\restaurant-manager-main-V1\\restaurant-api\\vendor\\symfony\\console\\Command\\Command.php(318): Illuminate\\Console\\Command->execute()
#22 C:\\Users\\lione\\Yasou Taverna System\\digital-menu-main\\restaurant-manager-main-V1\\restaurant-api\\vendor\\laravel\\framework\\src\\Illuminate\\Console\\Command.php(178): Symfony\\Component\\Console\\Command\\Command->run()
#23 C:\\Users\\lione\\Yasou Taverna System\\digital-menu-main\\restaurant-manager-main-V1\\restaurant-api\\vendor\\symfony\\console\\Application.php(1092): Illuminate\\Console\\Command->run()
#24 C:\\Users\\lione\\Yasou Taverna System\\digital-menu-main\\restaurant-manager-main-V1\\restaurant-api\\vendor\\symfony\\console\\Application.php(341): Symfony\\Component\\Console\\Application->doRunCommand()
#25 C:\\Users\\lione\\Yasou Taverna System\\digital-menu-main\\restaurant-manager-main-V1\\restaurant-api\\vendor\\symfony\\console\\Application.php(192): Symfony\\Component\\Console\\Application->doRun()
#26 C:\\Users\\lione\\Yasou Taverna System\\digital-menu-main\\restaurant-manager-main-V1\\restaurant-api\\vendor\\laravel\\framework\\src\\Illuminate\\Foundation\\Console\\Kernel.php(197): Symfony\\Component\\Console\\Application->run()
#27 C:\\Users\\lione\\Yasou Taverna System\\digital-menu-main\\restaurant-manager-main-V1\\restaurant-api\\vendor\\laravel\\framework\\src\\Illuminate\\Foundation\\Application.php(1234): Illuminate\\Foundation\\Console\\Kernel->handle()
#28 C:\\Users\\lione\\Yasou Taverna System\\digital-menu-main\\restaurant-manager-main-V1\\restaurant-api\\artisan(16): Illuminate\\Foundation\\Application->handleCommand()
#29 {main}

[previous exception] [object] (PDOException(code: 0): could not find driver at C:\\Users\\lione\\Yasou Taverna System\\digital-menu-main\\restaurant-manager-main-V1\\restaurant-api\\vendor\\laravel\\framework\\src\\Illuminate\\Database\\Connectors\\Connector.php:67)
[stacktrace]
#0 C:\\Users\\lione\\Yasou Taverna System\\digital-menu-main\\restaurant-manager-main-V1\\restaurant-api\\vendor\\laravel\\framework\\src\\Illuminate\\Database\\Connectors\\Connector.php(67): PDO::connect()
#1 C:\\Users\\lione\\Yasou Taverna System\\digital-menu-main\\restaurant-manager-main-V1\\restaurant-api\\vendor\\laravel\\framework\\src\\Illuminate\\Database\\Connectors\\Connector.php(44): Illuminate\\Database\\Connectors\\Connector->createPdoConnection()
#2 C:\\Users\\lione\\Yasou Taverna System\\digital-menu-main\\restaurant-manager-main-V1\\restaurant-api\\vendor\\laravel\\framework\\src\\Illuminate\\Database\\Connectors\\SQLiteConnector.php(21): Illuminate\\Database\\Connectors\\Connector->createConnection()
#3 C:\\Users\\lione\\Yasou Taverna System\\digital-menu-main\\restaurant-manager-main-V1\\restaurant-api\\vendor\\laravel\\framework\\src\\Illuminate\\Database\\Connectors\\ConnectionFactory.php(223): Illuminate\\Database\\Connectors\\SQLiteConnector->connect()
#4 [internal function]: Illuminate\\Database\\Connectors\\ConnectionFactory->{closure:Illuminate\\Database\\Connectors\\ConnectionFactory::createPdoResolverWithoutHosts():223}()
#5 C:\\Users\\lione\\Yasou Taverna System\\digital-menu-main\\restaurant-manager-main-V1\\restaurant-api\\vendor\\laravel\\framework\\src\\Illuminate\\Database\\Connection.php(1228): call_user_func()
#6 C:\\Users\\lione\\Yasou Taverna System\\digital-menu-main\\restaurant-manager-main-V1\\restaurant-api\\vendor\\laravel\\framework\\src\\Illuminate\\Database\\Connection.php(1264): Illuminate\\Database\\Connection->getPdo()
#7 C:\\Users\\lione\\Yasou Taverna System\\digital-menu-main\\restaurant-manager-main-V1\\restaurant-api\\vendor\\laravel\\framework\\src\\Illuminate\\Database\\Connection.php(509): Illuminate\\Database\\Connection->getReadPdo()
#8 C:\\Users\\lione\\Yasou Taverna System\\digital-menu-main\\restaurant-manager-main-V1\\restaurant-api\\vendor\\laravel\\framework\\src\\Illuminate\\Database\\Connection.php(404): Illuminate\\Database\\Connection->getPdoForSelect()
#9 C:\\Users\\lione\\Yasou Taverna System\\digital-menu-main\\restaurant-manager-main-V1\\restaurant-api\\vendor\\laravel\\framework\\src\\Illuminate\\Database\\Connection.php(809): Illuminate\\Database\\Connection->{closure:Illuminate\\Database\\Connection::select():395}()
#10 C:\\Users\\lione\\Yasou Taverna System\\digital-menu-main\\restaurant-manager-main-V1\\restaurant-api\\vendor\\laravel\\framework\\src\\Illuminate\\Database\\Connection.php(776): Illuminate\\Database\\Connection->runQueryCallback()
#11 C:\\Users\\lione\\Yasou Taverna System\\digital-menu-main\\restaurant-manager-main-V1\\restaurant-api\\vendor\\laravel\\framework\\src\\Illuminate\\Database\\Connection.php(395): Illuminate\\Database\\Connection->run()
#12 C:\\Users\\lione\\Yasou Taverna System\\digital-menu-main\\restaurant-manager-main-V1\\restaurant-api\\vendor\\laravel\\framework\\src\\Illuminate\\Database\\Connection.php(341): Illuminate\\Database\\Connection->select()
#13 C:\\Users\\lione\\Yasou Taverna System\\digital-menu-main\\restaurant-manager-main-V1\\restaurant-api\\vendor\\laravel\\framework\\src\\Illuminate\\Database\\Connection.php(358): Illuminate\\Database\\Connection->selectOne()
#14 C:\\Users\\lione\\Yasou Taverna System\\digital-menu-main\\restaurant-manager-main-V1\\restaurant-api\\vendor\\laravel\\framework\\src\\Illuminate\\Database\\Schema\\Builder.php(174): Illuminate\\Database\\Connection->scalar()
#15 C:\\Users\\lione\\Yasou Taverna System\\digital-menu-main\\restaurant-manager-main-V1\\restaurant-api\\vendor\\laravel\\framework\\src\\Illuminate\\Database\\Migrations\\DatabaseMigrationRepository.php(183): Illuminate\\Database\\Schema\\Builder->hasTable()
#16 C:\\Users\\lione\\Yasou Taverna System\\digital-menu-main\\restaurant-manager-main-V1\\restaurant-api\\vendor\\laravel\\framework\\src\\Illuminate\\Database\\Migrations\\Migrator.php(749): Illuminate\\Database\\Migrations\\DatabaseMigrationRepository->repositoryExists()
#17 C:\\Users\\lione\\Yasou Taverna System\\digital-menu-main\\restaurant-manager-main-V1\\restaurant-api\\vendor\\laravel\\framework\\src\\Illuminate\\Database\\Console\\Migrations\\MigrateCommand.php(164): Illuminate\\Database\\Migrations\\Migrator->repositoryExists()
#18 C:\\Users\\lione\\Yasou Taverna System\\digital-menu-main\\restaurant-manager-main-V1\\restaurant-api\\vendor\\laravel\\framework\\src\\Illuminate\\Support\\helpers.php(338): Illuminate\\Database\\Console\\Migrations\\MigrateCommand->{closure:Illuminate\\Database\\Console\\Migrations\\MigrateCommand::repositoryExists():164}()
#19 C:\\Users\\lione\\Yasou Taverna System\\digital-menu-main\\restaurant-manager-main-V1\\restaurant-api\\vendor\\laravel\\framework\\src\\Illuminate\\Database\\Console\\Migrations\\MigrateCommand.php(164): retry()
#20 C:\\Users\\lione\\Yasou Taverna System\\digital-menu-main\\restaurant-manager-main-V1\\restaurant-api\\vendor\\laravel\\framework\\src\\Illuminate\\Database\\Console\\Migrations\\MigrateCommand.php(140): Illuminate\\Database\\Console\\Migrations\\MigrateCommand->repositoryExists()
#21 C:\\Users\\lione\\Yasou Taverna System\\digital-menu-main\\restaurant-manager-main-V1\\restaurant-api\\vendor\\laravel\\framework\\src\\Illuminate\\Database\\Console\\Migrations\\MigrateCommand.php(110): Illuminate\\Database\\Console\\Migrations\\MigrateCommand->prepareDatabase()
#22 C:\\Users\\lione\\Yasou Taverna System\\digital-menu-main\\restaurant-manager-main-V1\\restaurant-api\\vendor\\laravel\\framework\\src\\Illuminate\\Database\\Migrations\\Migrator.php(665): Illuminate\\Database\\Console\\Migrations\\MigrateCommand->{closure:Illuminate\\Database\\Console\\Migrations\\MigrateCommand::runMigrations():109}()
#23 C:\\Users\\lione\\Yasou Taverna System\\digital-menu-main\\restaurant-manager-main-V1\\restaurant-api\\vendor\\laravel\\framework\\src\\Illuminate\\Database\\Console\\Migrations\\MigrateCommand.php(109): Illuminate\\Database\\Migrations\\Migrator->usingConnection()
#24 C:\\Users\\lione\\Yasou Taverna System\\digital-menu-main\\restaurant-manager-main-V1\\restaurant-api\\vendor\\laravel\\framework\\src\\Illuminate\\Database\\Console\\Migrations\\MigrateCommand.php(88): Illuminate\\Database\\Console\\Migrations\\MigrateCommand->runMigrations()
#25 C:\\Users\\lione\\Yasou Taverna System\\digital-menu-main\\restaurant-manager-main-V1\\restaurant-api\\vendor\\laravel\\framework\\src\\Illuminate\\Container\\BoundMethod.php(36): Illuminate\\Database\\Console\\Migrations\\MigrateCommand->handle()
#26 C:\\Users\\lione\\Yasou Taverna System\\digital-menu-main\\restaurant-manager-main-V1\\restaurant-api\\vendor\\laravel\\framework\\src\\Illuminate\\Container\\Util.php(43): Illuminate\\Container\\BoundMethod::{closure:Illuminate\\Container\\BoundMethod::call():35}()
#27 C:\\Users\\lione\\Yasou Taverna System\\digital-menu-main\\restaurant-manager-main-V1\\restaurant-api\\vendor\\laravel\\framework\\src\\Illuminate\\Container\\BoundMethod.php(96): Illuminate\\Container\\Util::unwrapIfClosure()
#28 C:\\Users\\lione\\Yasou Taverna System\\digital-menu-main\\restaurant-manager-main-V1\\restaurant-api\\vendor\\laravel\\framework\\src\\Illuminate\\Container\\BoundMethod.php(35): Illuminate\\Container\\BoundMethod::callBoundMethod()
#29 C:\\Users\\lione\\Yasou Taverna System\\digital-menu-main\\restaurant-manager-main-V1\\restaurant-api\\vendor\\laravel\\framework\\src\\Illuminate\\Container\\Container.php(754): Illuminate\\Container\\BoundMethod::call()
#30 C:\\Users\\lione\\Yasou Taverna System\\digital-menu-main\\restaurant-manager-main-V1\\restaurant-api\\vendor\\laravel\\framework\\src\\Illuminate\\Console\\Command.php(209): Illuminate\\Container\\Container->call()
#31 C:\\Users\\lione\\Yasou Taverna System\\digital-menu-main\\restaurant-manager-main-V1\\restaurant-api\\vendor\\symfony\\console\\Command\\Command.php(318): Illuminate\\Console\\Command->execute()
#32 C:\\Users\\lione\\Yasou Taverna System\\digital-menu-main\\restaurant-manager-main-V1\\restaurant-api\\vendor\\laravel\\framework\\src\\Illuminate\\Console\\Command.php(178): Symfony\\Component\\Console\\Command\\Command->run()
#33 C:\\Users\\lione\\Yasou Taverna System\\digital-menu-main\\restaurant-manager-main-V1\\restaurant-api\\vendor\\symfony\\console\\Application.php(1092): Illuminate\\Console\\Command->run()
#34 C:\\Users\\lione\\Yasou Taverna System\\digital-menu-main\\restaurant-manager-main-V1\\restaurant-api\\vendor\\symfony\\console\\Application.php(341): Symfony\\Component\\Console\\Application->doRunCommand()
#35 C:\\Users\\lione\\Yasou Taverna System\\digital-menu-main\\restaurant-manager-main-V1\\restaurant-api\\vendor\\symfony\\console\\Application.php(192): Symfony\\Component\\Console\\Application->doRun()
#36 C:\\Users\\lione\\Yasou Taverna System\\digital-menu-main\\restaurant-manager-main-V1\\restaurant-api\\vendor\\laravel\\framework\\src\\Illuminate\\Foundation\\Console\\Kernel.php(197): Symfony\\Component\\Console\\Application->run()
#37 C:\\Users\\lione\\Yasou Taverna System\\digital-menu-main\\restaurant-manager-main-V1\\restaurant-api\\vendor\\laravel\\framework\\src\\Illuminate\\Foundation\\Application.php(1234): Illuminate\\Foundation\\Console\\Kernel->handle()
#38 C:\\Users\\lione\\Yasou Taverna System\\digital-menu-main\\restaurant-manager-main-V1\\restaurant-api\\artisan(16): Illuminate\\Foundation\\Application->handleCommand()
#39 {main}
"} 
[2026-08-13 03:21:59] local.ERROR: could not find driver (Connection: sqlite, SQL: select count(*) as aggregate from "orders") {"exception":"[object] (Illuminate\\Database\\QueryException(code: 0): could not find driver (Connection: sqlite, SQL: select count(*) as aggregate from \"orders\") at C:\\Users\\lione\\Yasou Taverna System\\digital-menu-main\\restaurant-manager-main-V1\\restaurant-api\\vendor\\laravel\\framework\\src\\Illuminate\\Database\\Connection.php:822)
[stacktrace]
#0 C:\\Users\\lione\\Yasou Taverna System\\digital-menu-main\\restaurant-manager-main-V1\\restaurant-api\\vendor\\laravel\\framework\\src\\Illuminate\\Database\\Connection.php(776): Illuminate\\Database\\Connection->runQueryCallback()
#1 C:\\Users\\lione\\Yasou Taverna System\\digital-menu-main\\restaurant-manager-main-V1\\restaurant-api\\vendor\\laravel\\framework\\src\\Illuminate\\Database\\Connection.php(395): Illuminate\\Database\\Connection->run()
#2 C:\\Users\\lione\\Yasou Taverna System\\digital-menu-main\\restaurant-manager-main-V1\\restaurant-api\\vendor\\laravel\\framework\\src\\Illuminate\\Database\\Query\\Builder.php(3131): Illuminate\\Database\\Connection->select()
#3 C:\\Users\\lione\\Yasou Taverna System\\digital-menu-main\\restaurant-manager-main-V1\\restaurant-api\\vendor\\laravel\\framework\\src\\Illuminate\\Database\\Query\\Builder.php(3116): Illuminate\\Database\\Query\\Builder->runSelect()
#4 C:\\Users\\lione\\Yasou Taverna System\\digital-menu-main\\restaurant-manager-main-V1\\restaurant-api\\vendor\\laravel\\framework\\src\\Illuminate\\Database\\Query\\Builder.php(3706): Illuminate\\Database\\Query\\Builder->{closure:Illuminate\\Database\\Query\\Builder::get():3115}()
#5 C:\\Users\\lione\\Yasou Taverna System\\digital-menu-main\\restaurant-manager-main-V1\\restaurant-api\\vendor\\laravel\\framework\\src\\Illuminate\\Database\\Query\\Builder.php(3115): Illuminate\\Database\\Query\\Builder->onceWithColumns()
#6 C:\\Users\\lione\\Yasou Taverna System\\digital-menu-main\\restaurant-manager-main-V1\\restaurant-api\\vendor\\laravel\\framework\\src\\Illuminate\\Database\\Query\\Builder.php(3310): Illuminate\\Database\\Query\\Builder->get()
#7 C:\\Users\\lione\\Yasou Taverna System\\digital-menu-main\\restaurant-manager-main-V1\\restaurant-api\\vendor\\laravel\\framework\\src\\Illuminate\\Database\\Query\\Builder.php(3269): Illuminate\\Database\\Query\\Builder->runPaginationCountQuery()
#8 C:\\Users\\lione\\Yasou Taverna System\\digital-menu-main\\restaurant-manager-main-V1\\restaurant-api\\vendor\\laravel\\framework\\src\\Illuminate\\Database\\Eloquent\\Builder.php(1090): Illuminate\\Database\\Query\\Builder->getCountForPagination()
#9 C:\\Users\\lione\\Yasou Taverna System\\digital-menu-main\\restaurant-manager-main-V1\\restaurant-api\\app\\Http\\Controllers\\Api\\OrderController.php(80): Illuminate\\Database\\Eloquent\\Builder->paginate()
#10 C:\\Users\\lione\\Yasou Taverna System\\digital-menu-main\\restaurant-manager-main-V1\\restaurant-api\\vendor\\laravel\\framework\\src\\Illuminate\\Routing\\ControllerDispatcher.php(46): App\\Http\\Controllers\\Api\\OrderController->index()
#11 C:\\Users\\lione\\Yasou Taverna System\\digital-menu-main\\restaurant-manager-main-V1\\restaurant-api\\vendor\\laravel\\framework\\src\\Illuminate\\Routing\\Route.php(265): Illuminate\\Routing\\ControllerDispatcher->dispatch()
#12 C:\\Users\\lione\\Yasou Taverna System\\digital-menu-main\\restaurant-manager-main-V1\\restaurant-api\\vendor\\laravel\\framework\\src\\Illuminate\\Routing\\Route.php(211): Illuminate\\Routing\\Route->runController()
#13 C:\\Users\\lione\\Yasou Taverna System\\digital-menu-main\\restaurant-manager-main-V1\\restaurant-api\\vendor\\laravel\\framework\\src\\Illuminate\\Routing\\Router.php(808): Illuminate\\Routing\\Route->run()
#14 C:\\Users\\lione\\Yasou Taverna System\\digital-menu-main\\restaurant-manager-main-V1\\restaurant-api\\vendor\\laravel\\framework\\src\\Illuminate\\Pipeline\\Pipeline.php(169): Illuminate\\Routing\\Router->{closure:Illuminate\\Routing\\Router::runRouteWithinStack():807}()
#15 C:\\Users\\lione\\Yasou Taverna System\\digital-menu-main\\restaurant-manager-main-V1\\restaurant-api\\vendor\\laravel\\framework\\src\\Illuminate\\Routing\\Middleware\\SubstituteBindings.php(50): Illuminate\\Pipeline\\Pipeline->{closure:Illuminate\\Pipeline\\Pipeline::prepareDestination():167}()
#16 C:\\Users\\lione\\Yasou Taverna System\\digital-menu-main\\restaurant-manager-main-V1\\restaurant-api\\vendor\\laravel\\framework\\src\\Illuminate\\Pipeline\\Pipeline.php(208): Illuminate\\Routing\\Middleware\\SubstituteBindings->handle()
#17 C:\\Users\\lione\\Yasou Taverna System\\digital-menu-main\\restaurant-manager-main-V1\\restaurant-api\\vendor\\laravel\\framework\\src\\Illuminate\\Pipeline\\Pipeline.php(126): Illuminate\\Pipeline\\Pipeline->{closure:{closure:Illuminate\\Pipeline\\Pipeline::carry():183}:184}()
#18 C:\\Users\\lione\\Yasou Taverna System\\digital-menu-main\\restaurant-manager-main-V1\\restaurant-api\\vendor\\laravel\\framework\\src\\Illuminate\\Routing\\Router.php(807): Illuminate\\Pipeline\\Pipeline->then()
#19 C:\\Users\\lione\\Yasou Taverna System\\digital-menu-main\\restaurant-manager-main-V1\\restaurant-api\\vendor\\laravel\\framework\\src\\Illuminate\\Routing\\Router.php(786): Illuminate\\Routing\\Router->runRouteWithinStack()
#20 C:\\Users\\lione\\Yasou Taverna System\\digital-menu-main\\restaurant-manager-main-V1\\restaurant-api\\vendor\\laravel\\framework\\src\\Illuminate\\Routing\\Router.php(750): Illuminate\\Routing\\Router->runRoute()
#21 C:\\Users\\lione\\Yasou Taverna System\\digital-menu-main\\restaurant-manager-main-V1\\restaurant-api\\vendor\\laravel\\framework\\src\\Illuminate\\Routing\\Router.php(739): Illuminate\\Routing\\Router->dispatchToRoute()
#22 C:\\Users\\lione\\Yasou Taverna System\\digital-menu-main\\restaurant-manager-main-V1\\restaurant-api\\vendor\\laravel\\framework\\src\\Illuminate\\Foundation\\Http\\Kernel.php(200): Illuminate\\Routing\\Router->dispatch()
#23 C:\\Users\\lione\\Yasou Taverna System\\digital-menu-main\\restaurant-manager-main-V1\\restaurant-api\\vendor\\laravel\\framework\\src\\Illuminate\\Pipeline\\Pipeline.php(169): Illuminate\\Foundation\\Http\\Kernel->{closure:Illuminate\\Foundation\\Http\\Kernel::dispatchToRouter():197}()
#24 C:\\Users\\lione\\Yasou Taverna System\\digital-menu-main\\restaurant-manager-main-V1\\restaurant-api\\vendor\\laravel\\framework\\src\\Illuminate\\Foundation\\Http\\Middleware\\TransformsRequest.php(21): Illuminate\\Pipeline\\Pipeline->{closure:Illuminate\\Pipeline\\Pipeline::prepareDestination():167}()
#25 C:\\Users\\lione\\Yasou Taverna System\\digital-menu-main\\restaurant-manager-main-V1\\restaurant-api\\vendor\\laravel\\framework\\src\\Illuminate\\Foundation\\Http\\Middleware\\ConvertEmptyStringsToNull.php(31): Illuminate\\Foundation\\Http\\Middleware\\TransformsRequest->handle()
#26 C:\\Users\\lione\\Yasou Taverna System\\digital-menu-main\\restaurant-manager-main-V1\\restaurant-api\\vendor\\laravel\\framework\\src\\Illuminate\\Pipeline\\Pipeline.php(208): Illuminate\\Foundation\\Http\\Middleware\\ConvertEmptyStringsToNull->handle()
#27 C:\\Users\\lione\\Yasou Taverna System\\digital-menu-main\\restaurant-manager-main-V1\\restaurant-api\\vendor\\laravel\\framework\\src\\Illuminate\\Foundation\\Http\\Middleware\\TransformsRequest.php(21): Illuminate\\Pipeline\\Pipeline->{closure:{closure:Illuminate\\Pipeline\\Pipeline::carry():183}:184}()
#28 C:\\Users\\lione\\Yasou Taverna System\\digital-menu-main\\restaurant-manager-main-V1\\restaurant-api\\vendor\\laravel\\framework\\src\\Illuminate\\Foundation\\Http\\Middleware\\TrimStrings.php(51): Illuminate\\Foundation\\Http\\Middleware\\TransformsRequest->handle()
#29 C:\\Users\\lione\\Yasou Taverna System\\digital-menu-main\\restaurant-manager-main-V1\\restaurant-api\\vendor\\laravel\\framework\\src\\Illuminate\\Pipeline\\Pipeline.php(208): Illuminate\\Foundation\\Http\\Middleware\\TrimStrings->handle()
#30 C:\\Users\\lione\\Yasou Taverna System\\digital-menu-main\\restaurant-manager-main-V1\\restaurant-api\\vendor\\laravel\\framework\\src\\Illuminate\\Http\\Middleware\\ValidatePostSize.php(27): Illuminate\\Pipeline\\Pipeline->{closure:{closure:Illuminate\\Pipeline\\Pipeline::carry():183}:184}()
#31 C:\\Users\\lione\\Yasou Taverna System\\digital-menu-main\\restaurant-manager-main-V1\\restaurant-api\\vendor\\laravel\\framework\\src\\Illuminate\\Pipeline\\Pipeline.php(208): Illuminate\\Http\\Middleware\\ValidatePostSize->handle()
#32 C:\\Users\\lione\\Yasou Taverna System\\digital-menu-main\\restaurant-manager-main-V1\\restaurant-api\\vendor\\laravel\\framework\\src\\Illuminate\\Foundation\\Http\\Middleware\\PreventRequestsDuringMaintenance.php(109): Illuminate\\Pipeline\\Pipeline->{closure:{closure:Illuminate\\Pipeline\\Pipeline::carry():183}:184}()
#33 C:\\Users\\lione\\Yasou Taverna System\\digital-menu-main\\restaurant-manager-main-V1\\restaurant-api\\vendor\\laravel\\framework\\src\\Illuminate\\Pipeline\\Pipeline.php(208): Illuminate\\Foundation\\Http\\Middleware\\PreventRequestsDuringMaintenance->handle()
#34 C:\\Users\\lione\\Yasou Taverna System\\digital-menu-main\\restaurant-manager-main-V1\\restaurant-api\\vendor\\laravel\\framework\\src\\Illuminate\\Http\\Middleware\\HandleCors.php(61): Illuminate\\Pipeline\\Pipeline->{closure:{closure:Illuminate\\Pipeline\\Pipeline::carry():183}:184}()
#35 C:\\Users\\lione\\Yasou Taverna System\\digital-menu-main\\restaurant-manager-main-V1\\restaurant-api\\vendor\\laravel\\framework\\src\\Illuminate\\Pipeline\\Pipeline.php(208): Illuminate\\Http\\Middleware\\HandleCors->handle()
#36 C:\\Users\\lione\\Yasou Taverna System\\digital-menu-main\\restaurant-manager-main-V1\\restaurant-api\\vendor\\laravel\\framework\\src\\Illuminate\\Http\\Middleware\\TrustProxies.php(58): Illuminate\\Pipeline\\Pipeline->{closure:{closure:Illuminate\\Pipeline\\Pipeline::carry():183}:184}()
#37 C:\\Users\\lione\\Yasou Taverna System\\digital-menu-main\\restaurant-manager-main-V1\\restaurant-api\\vendor\\laravel\\framework\\src\\Illuminate\\Pipeline\\Pipeline.php(208): Illuminate\\Http\\Middleware\\TrustProxies->handle()
#38 C:\\Users\\lione\\Yasou Taverna System\\digital-menu-main\\restaurant-manager-main-V1\\restaurant-api\\vendor\\laravel\\framework\\src\\Illuminate\\Foundation\\Http\\Middleware\\InvokeDeferredCallbacks.php(22): Illuminate\\Pipeline\\Pipeline->{closure:{closure:Illuminate\\Pipeline\\Pipeline::carry():183}:184}()
#39 C:\\Users\\lione\\Yasou Taverna System\\digital-menu-main\\restaurant-manager-main-V1\\restaurant-api\\vendor\\laravel\\framework\\src\\Illuminate\\Pipeline\\Pipeline.php(208): Illuminate\\Foundation\\Http\\Middleware\\InvokeDeferredCallbacks->handle()
#40 C:\\Users\\lione\\Yasou Taverna System\\digital-menu-main\\restaurant-manager-main-V1\\restaurant-api\\vendor\\laravel\\framework\\src\\Illuminate\\Http\\Middleware\\ValidatePathEncoding.php(26): Illuminate\\Pipeline\\Pipeline->{closure:{closure:Illuminate\\Pipeline\\Pipeline::carry():183}:184}()
#41 C:\\Users\\lione\\Yasou Taverna System\\digital-menu-main\\restaurant-manager-main-V1\\restaurant-api\\vendor\\laravel\\framework\\src\\Illuminate\\Pipeline\\Pipeline.php(208): Illuminate\\Http\\Middleware\\ValidatePathEncoding->handle()
#42 C:\\Users\\lione\\Yasou Taverna System\\digital-menu-main\\restaurant-manager-main-V1\\restaurant-api\\vendor\\laravel\\framework\\src\\Illuminate\\Pipeline\\Pipeline.php(126): Illuminate\\Pipeline\\Pipeline->{closure:{closure:Illuminate\\Pipeline\\Pipeline::carry():183}:184}()
#43 C:\\Users\\lione\\Yasou Taverna System\\digital-menu-main\\restaurant-manager-main-V1\\restaurant-api\\vendor\\laravel\\framework\\src\\Illuminate\\Foundation\\Http\\Kernel.php(175): Illuminate\\Pipeline\\Pipeline->then()
#44 C:\\Users\\lione\\Yasou Taverna System\\digital-menu-main\\restaurant-manager-main-V1\\restaurant-api\\vendor\\laravel\\framework\\src\\Illuminate\\Foundation\\Http\\Kernel.php(144): Illuminate\\Foundation\\Http\\Kernel->sendRequestThroughRouter()
#45 C:\\Users\\lione\\Yasou Taverna System\\digital-menu-main\\restaurant-manager-main-V1\\restaurant-api\\vendor\\laravel\\framework\\src\\Illuminate\\Foundation\\Application.php(1219): Illuminate\\Foundation\\Http\\Kernel->handle()
#46 C:\\Users\\lione\\Yasou Taverna System\\digital-menu-main\\restaurant-manager-main-V1\\restaurant-api\\public\\index.php(20): Illuminate\\Foundation\\Application->handleRequest()
#47 C:\\Users\\lione\\Yasou Taverna System\\digital-menu-main\\restaurant-manager-main-V1\\restaurant-api\\vendor\\laravel\\framework\\src\\Illuminate\\Foundation\\resources\\server.php(23): require_once('...')
#48 {main}

[previous exception] [object] (PDOException(code: 0): could not find driver at C:\\Users\\lione\\Yasou Taverna System\\digital-menu-main\\restaurant-manager-main-V1\\restaurant-api\\vendor\\laravel\\framework\\src\\Illuminate\\Database\\Connectors\\Connector.php:67)
[stacktrace]
#0 C:\\Users\\lione\\Yasou Taverna System\\digital-menu-main\\restaurant-manager-main-V1\\restaurant-api\\vendor\\laravel\\framework\\src\\Illuminate\\Database\\Connectors\\Connector.php(67): PDO::connect()
#1 C:\\Users\\lione\\Yasou Taverna System\\digital-menu-main\\restaurant-manager-main-V1\\restaurant-api\\vendor\\laravel\\framework\\src\\Illuminate\\Database\\Connectors\\Connector.php(44): Illuminate\\Database\\Connectors\\Connector->createPdoConnection()
#2 C:\\Users\\lione\\Yasou Taverna System\\digital-menu-main\\restaurant-manager-main-V1\\restaurant-api\\vendor\\laravel\\framework\\src\\Illuminate\\Database\\Connectors\\SQLiteConnector.php(21): Illuminate\\Database\\Connectors\\Connector->createConnection()
#3 C:\\Users\\lione\\Yasou Taverna System\\digital-menu-main\\restaurant-manager-main-V1\\restaurant-api\\vendor\\laravel\\framework\\src\\Illuminate\\Database\\Connectors\\ConnectionFactory.php(223): Illuminate\\Database\\Connectors\\SQLiteConnector->connect()
#4 [internal function]: Illuminate\\Database\\Connectors\\ConnectionFactory->{closure:Illuminate\\Database\\Connectors\\ConnectionFactory::createPdoResolverWithoutHosts():223}()
#5 C:\\Users\\lione\\Yasou Taverna System\\digital-menu-main\\restaurant-manager-main-V1\\restaurant-api\\vendor\\laravel\\framework\\src\\Illuminate\\Database\\Connection.php(1228): call_user_func()
#6 C:\\Users\\lione\\Yasou Taverna System\\digital-menu-main\\restaurant-manager-main-V1\\restaurant-api\\vendor\\laravel\\framework\\src\\Illuminate\\Database\\Connection.php(1264): Illuminate\\Database\\Connection->getPdo()
#7 C:\\Users\\lione\\Yasou Taverna System\\digital-menu-main\\restaurant-manager-main-V1\\restaurant-api\\vendor\\laravel\\framework\\src\\Illuminate\\Database\\Connection.php(509): Illuminate\\Database\\Connection->getReadPdo()
#8 C:\\Users\\lione\\Yasou Taverna System\\digital-menu-main\\restaurant-manager-main-V1\\restaurant-api\\vendor\\laravel\\framework\\src\\Illuminate\\Database\\Connection.php(404): Illuminate\\Database\\Connection->getPdoForSelect()
#9 C:\\Users\\lione\\Yasou Taverna System\\digital-menu-main\\restaurant-manager-main-V1\\restaurant-api\\vendor\\laravel\\framework\\src\\Illuminate\\Database\\Connection.php(809): Illuminate\\Database\\Connection->{closure:Illuminate\\Database\\Connection::select():395}()
#10 C:\\Users\\lione\\Yasou Taverna System\\digital-menu-main\\restaurant-manager-main-V1\\restaurant-api\\vendor\\laravel\\framework\\src\\Illuminate\\Database\\Connection.php(776): Illuminate\\Database\\Connection->runQueryCallback()
#11 C:\\Users\\lione\\Yasou Taverna System\\digital-menu-main\\restaurant-manager-main-V1\\restaurant-api\\vendor\\laravel\\framework\\src\\Illuminate\\Database\\Connection.php(395): Illuminate\\Database\\Connection->run()
#12 C:\\Users\\lione\\Yasou Taverna System\\digital-menu-main\\restaurant-manager-main-V1\\restaurant-api\\vendor\\laravel\\framework\\src\\Illuminate\\Database\\Query\\Builder.php(3131): Illuminate\\Database\\Connection->select()
#13 C:\\Users\\lione\\Yasou Taverna System\\digital-menu-main\\restaurant-manager-main-V1\\restaurant-api\\vendor\\laravel\\framework\\src\\Illuminate\\Database\\Query\\Builder.php(3116): Illuminate\\Database\\Query\\Builder->runSelect()
#14 C:\\Users\\lione\\Yasou Taverna System\\digital-menu-main\\restaurant-manager-main-V1\\restaurant-api\\vendor\\laravel\\framework\\src\\Illuminate\\Database\\Query\\Builder.php(3706): Illuminate\\Database\\Query\\Builder->{closure:Illuminate\\Database\\Query\\Builder::get():3115}()
#15 C:\\Users\\lione\\Yasou Taverna System\\digital-menu-main\\restaurant-manager-main-V1\\restaurant-api\\vendor\\laravel\\framework\\src\\Illuminate\\Database\\Query\\Builder.php(3115): Illuminate\\Database\\Query\\Builder->onceWithColumns()
#16 C:\\Users\\lione\\Yasou Taverna System\\digital-menu-main\\restaurant-manager-main-V1\\restaurant-api\\vendor\\laravel\\framework\\src\\Illuminate\\Database\\Query\\Builder.php(3310): Illuminate\\Database\\Query\\Builder->get()
#17 C:\\Users\\lione\\Yasou Taverna System\\digital-menu-main\\restaurant-manager-main-V1\\restaurant-api\\vendor\\laravel\\framework\\src\\Illuminate\\Database\\Query\\Builder.php(3269): Illuminate\\Database\\Query\\Builder->runPaginationCountQuery()
#18 C:\\Users\\lione\\Yasou Taverna System\\digital-menu-main\\restaurant-manager-main-V1\\restaurant-api\\vendor\\laravel\\framework\\src\\Illuminate\\Database\\Eloquent\\Builder.php(1090): Illuminate\\Database\\Query\\Builder->getCountForPagination()
#19 C:\\Users\\lione\\Yasou Taverna System\\digital-menu-main\\restaurant-manager-main-V1\\restaurant-api\\app\\Http\\Controllers\\Api\\OrderController.php(80): Illuminate\\Database\\Eloquent\\Builder->paginate()
#20 C:\\Users\\lione\\Yasou Taverna System\\digital-menu-main\\restaurant-manager-main-V1\\restaurant-api\\vendor\\laravel\\framework\\src\\Illuminate\\Routing\\ControllerDispatcher.php(46): App\\Http\\Controllers\\Api\\OrderController->index()
#21 C:\\Users\\lione\\Yasou Taverna System\\digital-menu-main\\restaurant-manager-main-V1\\restaurant-api\\vendor\\laravel\\framework\\src\\Illuminate\\Routing\\Route.php(265): Illuminate\\Routing\\ControllerDispatcher->dispatch()
#22 C:\\Users\\lione\\Yasou Taverna System\\digital-menu-main\\restaurant-manager-main-V1\\restaurant-api\\vendor\\laravel\\framework\\src\\Illuminate\\Routing\\Route.php(211): Illuminate\\Routing\\Route->runController()
#23 C:\\Users\\lione\\Yasou Taverna System\\digital-menu-main\\restaurant-manager-main-V1\\restaurant-api\\vendor\\laravel\\framework\\src\\Illuminate\\Routing\\Router.php(808): Illuminate\\Routing\\Route->run()
#24 C:\\Users\\lione\\Yasou Taverna System\\digital-menu-main\\restaurant-manager-main-V1\\restaurant-api\\vendor\\laravel\\framework\\src\\Illuminate\\Pipeline\\Pipeline.php(169): Illuminate\\Routing\\Router->{closure:Illuminate\\Routing\\Router::runRouteWithinStack():807}()
#25 C:\\Users\\lione\\Yasou Taverna System\\digital-menu-main\\restaurant-manager-main-V1\\restaurant-api\\vendor\\laravel\\framework\\src\\Illuminate\\Routing\\Middleware\\SubstituteBindings.php(50): Illuminate\\Pipeline\\Pipeline->{closure:Illuminate\\Pipeline\\Pipeline::prepareDestination():167}()
#26 C:\\Users\\lione\\Yasou Taverna System\\digital-menu-main\\restaurant-manager-main-V1\\restaurant-api\\vendor\\laravel\\framework\\src\\Illuminate\\Pipeline\\Pipeline.php(208): Illuminate\\Routing\\Middleware\\SubstituteBindings->handle()
#27 C:\\Users\\lione\\Yasou Taverna System\\digital-menu-main\\restaurant-manager-main-V1\\restaurant-api\\vendor\\laravel\\framework\\src\\Illuminate\\Pipeline\\Pipeline.php(126): Illuminate\\Pipeline\\Pipeline->{closure:{closure:Illuminate\\Pipeline\\Pipeline::carry():183}:184}()
#28 C:\\Users\\lione\\Yasou Taverna System\\digital-menu-main\\restaurant-manager-main-V1\\restaurant-api\\vendor\\laravel\\framework\\src\\Illuminate\\Routing\\Router.php(807): Illuminate\\Pipeline\\Pipeline->then()
#29 C:\\Users\\lione\\Yasou Taverna System\\digital-menu-main\\restaurant-manager-main-V1\\restaurant-api\\vendor\\laravel\\framework\\src\\Illuminate\\Routing\\Router.php(786): Illuminate\\Routing\\Router->runRouteWithinStack()
#30 C:\\Users\\lione\\Yasou Taverna System\\digital-menu-main\\restaurant-manager-main-V1\\restaurant-api\\vendor\\laravel\\framework\\src\\Illuminate\\Routing\\Router.php(750): Illuminate\\Routing\\Router->runRoute()
#31 C:\\Users\\lione\\Yasou Taverna System\\digital-menu-main\\restaurant-manager-main-V1\\restaurant-api\\vendor\\laravel\\framework\\src\\Illuminate\\Routing\\Router.php(739): Illuminate\\Routing\\Router->dispatchToRoute()
#32 C:\\Users\\lione\\Yasou Taverna System\\digital-menu-main\\restaurant-manager-main-V1\\restaurant-api\\vendor\\laravel\\framework\\src\\Illuminate\\Foundation\\Http\\Kernel.php(200): Illuminate\\Routing\\Router->dispatch()
#33 C:\\Users\\lione\\Yasou Taverna System\\digital-menu-main\\restaurant-manager-main-V1\\restaurant-api\\vendor\\laravel\\framework\\src\\Illuminate\\Pipeline\\Pipeline.php(169): Illuminate\\Foundation\\Http\\Kernel->{closure:Illuminate\\Foundation\\Http\\Kernel::dispatchToRouter():197}()
#34 C:\\Users\\lione\\Yasou Taverna System\\digital-menu-main\\restaurant-manager-main-V1\\restaurant-api\\vendor\\laravel\\framework\\src\\Illuminate\\Foundation\\Http\\Middleware\\TransformsRequest.php(21): Illuminate\\Pipeline\\Pipeline->{closure:Illuminate\\Pipeline\\Pipeline::prepareDestination():167}()
#35 C:\\Users\\lione\\Yasou Taverna System\\digital-menu-main\\restaurant-manager-main-V1\\restaurant-api\\vendor\\laravel\\framework\\src\\Illuminate\\Foundation\\Http\\Middleware\\ConvertEmptyStringsToNull.php(31): Illuminate\\Foundation\\Http\\Middleware\\TransformsRequest->handle()
#36 C:\\Users\\lione\\Yasou Taverna System\\digital-menu-main\\restaurant-manager-main-V1\\restaurant-api\\vendor\\laravel\\framework\\src\\Illuminate\\Pipeline\\Pipeline.php(208): Illuminate\\Foundation\\Http\\Middleware\\ConvertEmptyStringsToNull->handle()
#37 C:\\Users\\lione\\Yasou Taverna System\\digital-menu-main\\restaurant-manager-main-V1\\restaurant-api\\vendor\\laravel\\framework\\src\\Illuminate\\Foundation\\Http\\Middleware\\TransformsRequest.php(21): Illuminate\\Pipeline\\Pipeline->{closure:{closure:Illuminate\\Pipeline\\Pipeline::carry():183}:184}()
#38 C:\\Users\\lione\\Yasou Taverna System\\digital-menu-main\\restaurant-manager-main-V1\\restaurant-api\\vendor\\laravel\\framework\\src\\Illuminate\\Foundation\\Http\\Middleware\\TrimStrings.php(51): Illuminate\\Foundation\\Http\\Middleware\\TransformsRequest->handle()
#39 C:\\Users\\lione\\Yasou Taverna System\\digital-menu-main\\restaurant-manager-main-V1\\restaurant-api\\vendor\\laravel\\framework\\src\\Illuminate\\Pipeline\\Pipeline.php(208): Illuminate\\Foundation\\Http\\Middleware\\TrimStrings->handle()
#40 C:\\Users\\lione\\Yasou Taverna System\\digital-menu-main\\restaurant-manager-main-V1\\restaurant-api\\vendor\\laravel\\framework\\src\\Illuminate\\Http\\Middleware\\ValidatePostSize.php(27): Illuminate\\Pipeline\\Pipeline->{closure:{closure:Illuminate\\Pipeline\\Pipeline::carry():183}:184}()
#41 C:\\Users\\lione\\Yasou Taverna System\\digital-menu-main\\restaurant-manager-main-V1\\restaurant-api\\vendor\\laravel\\framework\\src\\Illuminate\\Pipeline\\Pipeline.php(208): Illuminate\\Http\\Middleware\\ValidatePostSize->handle()
#42 C:\\Users\\lione\\Yasou Taverna System\\digital-menu-main\\restaurant-manager-main-V1\\restaurant-api\\vendor\\laravel\\framework\\src\\Illuminate\\Foundation\\Http\\Middleware\\PreventRequestsDuringMaintenance.php(109): Illuminate\\Pipeline\\Pipeline->{closure:{closure:Illuminate\\Pipeline\\Pipeline::carry():183}:184}()
#43 C:\\Users\\lione\\Yasou Taverna System\\digital-menu-main\\restaurant-manager-main-V1\\restaurant-api\\vendor\\laravel\\framework\\src\\Illuminate\\Pipeline\\Pipeline.php(208): Illuminate\\Foundation\\Http\\Middleware\\PreventRequestsDuringMaintenance->handle()
#44 C:\\Users\\lione\\Yasou Taverna System\\digital-menu-main\\restaurant-manager-main-V1\\restaurant-api\\vendor\\laravel\\framework\\src\\Illuminate\\Http\\Middleware\\HandleCors.php(61): Illuminate\\Pipeline\\Pipeline->{closure:{closure:Illuminate\\Pipeline\\Pipeline::carry():183}:184}()
#45 C:\\Users\\lione\\Yasou Taverna System\\digital-menu-main\\restaurant-manager-main-V1\\restaurant-api\\vendor\\laravel\\framework\\src\\Illuminate\\Pipeline\\Pipeline.php(208): Illuminate\\Http\\Middleware\\HandleCors->handle()
#46 C:\\Users\\lione\\Yasou Taverna System\\digital-menu-main\\restaurant-manager-main-V1\\restaurant-api\\vendor\\laravel\\framework\\src\\Illuminate\\Http\\Middleware\\TrustProxies.php(58): Illuminate\\Pipeline\\Pipeline->{closure:{closure:Illuminate\\Pipeline\\Pipeline::carry():183}:184}()
#47 C:\\Users\\lione\\Yasou Taverna System\\digital-menu-main\\restaurant-manager-main-V1\\restaurant-api\\vendor\\laravel\\framework\\src\\Illuminate\\Pipeline\\Pipeline.php(208): Illuminate\\Http\\Middleware\\TrustProxies->handle()
#48 C:\\Users\\lione\\Yasou Taverna System\\digital-menu-main\\restaurant-manager-main-V1\\restaurant-api\\vendor\\laravel\\framework\\src\\Illuminate\\Foundation\\Http\\Middleware\\InvokeDeferredCallbacks.php(22): Illuminate\\Pipeline\\Pipeline->{closure:{closure:Illuminate\\Pipeline\\Pipeline::carry():183}:184}()
#49 C:\\Users\\lione\\Yasou Taverna System\\digital-menu-main\\restaurant-manager-main-V1\\restaurant-api\\vendor\\laravel\\framework\\src\\Illuminate\\Pipeline\\Pipeline.php(208): Illuminate\\Foundation\\Http\\Middleware\\InvokeDeferredCallbacks->handle()
#50 C:\\Users\\lione\\Yasou Taverna System\\digital-menu-main\\restaurant-manager-main-V1\\restaurant-api\\vendor\\laravel\\framework\\src\\Illuminate\\Http\\Middleware\\ValidatePathEncoding.php(26): Illuminate\\Pipeline\\Pipeline->{closure:{closure:Illuminate\\Pipeline\\Pipeline::carry():183}:184}()
#51 C:\\Users\\lione\\Yasou Taverna System\\digital-menu-main\\restaurant-manager-main-V1\\restaurant-api\\vendor\\laravel\\framework\\src\\Illuminate\\Pipeline\\Pipeline.php(208): Illuminate\\Http\\Middleware\\ValidatePathEncoding->handle()
#52 C:\\Users\\lione\\Yasou Taverna System\\digital-menu-main\\restaurant-manager-main-V1\\restaurant-api\\vendor\\laravel\\framework\\src\\Illuminate\\Pipeline\\Pipeline.php(126): Illuminate\\Pipeline\\Pipeline->{closure:{closure:Illuminate\\Pipeline\\Pipeline::carry():183}:184}()
#53 C:\\Users\\lione\\Yasou Taverna System\\digital-menu-main\\restaurant-manager-main-V1\\restaurant-api\\vendor\\laravel\\framework\\src\\Illuminate\\Foundation\\Http\\Kernel.php(175): Illuminate\\Pipeline\\Pipeline->then()
#54 C:\\Users\\lione\\Yasou Taverna System\\digital-menu-main\\restaurant-manager-main-V1\\restaurant-api\\vendor\\laravel\\framework\\src\\Illuminate\\Foundation\\Http\\Kernel.php(144): Illuminate\\Foundation\\Http\\Kernel->sendRequestThroughRouter()
#55 C:\\Users\\lione\\Yasou Taverna System\\digital-menu-main\\restaurant-manager-main-V1\\restaurant-api\\vendor\\laravel\\framework\\src\\Illuminate\\Foundation\\Application.php(1219): Illuminate\\Foundation\\Http\\Kernel->handle()
#56 C:\\Users\\lione\\Yasou Taverna System\\digital-menu-main\\restaurant-manager-main-V1\\restaurant-api\\public\\index.php(20): Illuminate\\Foundation\\Application->handleRequest()
#57 C:\\Users\\lione\\Yasou Taverna System\\digital-menu-main\\restaurant-manager-main-V1\\restaurant-api\\vendor\\laravel\\framework\\src\\Illuminate\\Foundation\\resources\\server.php(23): require_once('...')
#58 {main}
"} 
[2026-08-13 03:22:24] local.ERROR: could not find driver (Connection: sqlite, SQL: select count(*) as aggregate from "orders") {"exception":"[object] (Illuminate\\Database\\QueryException(code: 0): could not find driver (Connection: sqlite, SQL: select count(*) as aggregate from \"orders\") at C:\\Users\\lione\\Yasou Taverna System\\digital-menu-main\\restaurant-manager-main-V1\\restaurant-api\\vendor\\laravel\\framework\\src\\Illuminate\\Database\\Connection.php:822)
[stacktrace]
#0 C:\\Users\\lione\\Yasou Taverna System\\digital-menu-main\\restaurant-manager-main-V1\\restaurant-api\\vendor\\laravel\\framework\\src\\Illuminate\\Database\\Connection.php(776): Illuminate\\Database\\Connection->runQueryCallback()
#1 C:\\Users\\lione\\Yasou Taverna System\\digital-menu-main\\restaurant-manager-main-V1\\restaurant-api\\vendor\\laravel\\framework\\src\\Illuminate\\Database\\Connection.php(395): Illuminate\\Database\\Connection->run()
#2 C:\\Users\\lione\\Yasou Taverna System\\digital-menu-main\\restaurant-manager-main-V1\\restaurant-api\\vendor\\laravel\\framework\\src\\Illuminate\\Database\\Query\\Builder.php(3131): Illuminate\\Database\\Connection->select()
#3 C:\\Users\\lione\\Yasou Taverna System\\digital-menu-main\\restaurant-manager-main-V1\\restaurant-api\\vendor\\laravel\\framework\\src\\Illuminate\\Database\\Query\\Builder.php(3116): Illuminate\\Database\\Query\\Builder->runSelect()
#4 C:\\Users\\lione\\Yasou Taverna System\\digital-menu-main\\restaurant-manager-main-V1\\restaurant-api\\vendor\\laravel\\framework\\src\\Illuminate\\Database\\Query\\Builder.php(3706): Illuminate\\Database\\Query\\Builder->{closure:Illuminate\\Database\\Query\\Builder::get():3115}()
#5 C:\\Users\\lione\\Yasou Taverna System\\digital-menu-main\\restaurant-manager-main-V1\\restaurant-api\\vendor\\laravel\\framework\\src\\Illuminate\\Database\\Query\\Builder.php(3115): Illuminate\\Database\\Query\\Builder->onceWithColumns()
#6 C:\\Users\\lione\\Yasou Taverna System\\digital-menu-main\\restaurant-manager-main-V1\\restaurant-api\\vendor\\laravel\\framework\\src\\Illuminate\\Database\\Query\\Builder.php(3310): Illuminate\\Database\\Query\\Builder->get()
#7 C:\\Users\\lione\\Yasou Taverna System\\digital-menu-main\\restaurant-manager-main-V1\\restaurant-api\\vendor\\laravel\\framework\\src\\Illuminate\\Database\\Query\\Builder.php(3269): Illuminate\\Database\\Query\\Builder->runPaginationCountQuery()
#8 C:\\Users\\lione\\Yasou Taverna System\\digital-menu-main\\restaurant-manager-main-V1\\restaurant-api\\vendor\\laravel\\framework\\src\\Illuminate\\Database\\Eloquent\\Builder.php(1090): Illuminate\\Database\\Query\\Builder->getCountForPagination()
#9 C:\\Users\\lione\\Yasou Taverna System\\digital-menu-main\\restaurant-manager-main-V1\\restaurant-api\\app\\Http\\Controllers\\Api\\OrderController.php(80): Illuminate\\Database\\Eloquent\\Builder->paginate()
#10 C:\\Users\\lione\\Yasou Taverna System\\digital-menu-main\\restaurant-manager-main-V1\\restaurant-api\\vendor\\laravel\\framework\\src\\Illuminate\\Routing\\ControllerDispatcher.php(46): App\\Http\\Controllers\\Api\\OrderController->index()
#11 C:\\Users\\lione\\Yasou Taverna System\\digital-menu-main\\restaurant-manager-main-V1\\restaurant-api\\vendor\\laravel\\framework\\src\\Illuminate\\Routing\\Route.php(265): Illuminate\\Routing\\ControllerDispatcher->dispatch()
#12 C:\\Users\\lione\\Yasou Taverna System\\digital-menu-main\\restaurant-manager-main-V1\\restaurant-api\\vendor\\laravel\\framework\\src\\Illuminate\\Routing\\Route.php(211): Illuminate\\Routing\\Route->runController()
#13 C:\\Users\\lione\\Yasou Taverna System\\digital-menu-main\\restaurant-manager-main-V1\\restaurant-api\\vendor\\laravel\\framework\\src\\Illuminate\\Routing\\Router.php(808): Illuminate\\Routing\\Route->run()
#14 C:\\Users\\lione\\Yasou Taverna System\\digital-menu-main\\restaurant-manager-main-V1\\restaurant-api\\vendor\\laravel\\framework\\src\\Illuminate\\Pipeline\\Pipeline.php(169): Illuminate\\Routing\\Router->{closure:Illuminate\\Routing\\Router::runRouteWithinStack():807}()
#15 C:\\Users\\lione\\Yasou Taverna System\\digital-menu-main\\restaurant-manager-main-V1\\restaurant-api\\vendor\\laravel\\framework\\src\\Illuminate\\Routing\\Middleware\\SubstituteBindings.php(50): Illuminate\\Pipeline\\Pipeline->{closure:Illuminate\\Pipeline\\Pipeline::prepareDestination():167}()
#16 C:\\Users\\lione\\Yasou Taverna System\\digital-menu-main\\restaurant-manager-main-V1\\restaurant-api\\vendor\\laravel\\framework\\src\\Illuminate\\Pipeline\\Pipeline.php(208): Illuminate\\Routing\\Middleware\\SubstituteBindings->handle()
#17 C:\\Users\\lione\\Yasou Taverna System\\digital-menu-main\\restaurant-manager-main-V1\\restaurant-api\\vendor\\laravel\\framework\\src\\Illuminate\\Pipeline\\Pipeline.php(126): Illuminate\\Pipeline\\Pipeline->{closure:{closure:Illuminate\\Pipeline\\Pipeline::carry():183}:184}()
#18 C:\\Users\\lione\\Yasou Taverna System\\digital-menu-main\\restaurant-manager-main-V1\\restaurant-api\\vendor\\laravel\\framework\\src\\Illuminate\\Routing\\Router.php(807): Illuminate\\Pipeline\\Pipeline->then()
#19 C:\\Users\\lione\\Yasou Taverna System\\digital-menu-main\\restaurant-manager-main-V1\\restaurant-api\\vendor\\laravel\\framework\\src\\Illuminate\\Routing\\Router.php(786): Illuminate\\Routing\\Router->runRouteWithinStack()
#20 C:\\Users\\lione\\Yasou Taverna System\\digital-menu-main\\restaurant-manager-main-V1\\restaurant-api\\vendor\\laravel\\framework\\src\\Illuminate\\Routing\\Router.php(750): Illuminate\\Routing\\Router->runRoute()
#21 C:\\Users\\lione\\Yasou Taverna System\\digital-menu-main\\restaurant-manager-main-V1\\restaurant-api\\vendor\\laravel\\framework\\src\\Illuminate\\Routing\\Router.php(739): Illuminate\\Routing\\Router->dispatchToRoute()
#22 C:\\Users\\lione\\Yasou Taverna System\\digital-menu-main\\restaurant-manager-main-V1\\restaurant-api\\vendor\\laravel\\framework\\src\\Illuminate\\Foundation\\Http\\Kernel.php(200): Illuminate\\Routing\\Router->dispatch()
#23 C:\\Users\\lione\\Yasou Taverna System\\digital-menu-main\\restaurant-manager-main-V1\\restaurant-api\\vendor\\laravel\\framework\\src\\Illuminate\\Pipeline\\Pipeline.php(169): Illuminate\\Foundation\\Http\\Kernel->{closure:Illuminate\\Foundation\\Http\\Kernel::dispatchToRouter():197}()
#24 C:\\Users\\lione\\Yasou Taverna System\\digital-menu-main\\restaurant-manager-main-V1\\restaurant-api\\vendor\\laravel\\framework\\src\\Illuminate\\Foundation\\Http\\Middleware\\TransformsRequest.php(21): Illuminate\\Pipeline\\Pipeline->{closure:Illuminate\\Pipeline\\Pipeline::prepareDestination():167}()
#25 C:\\Users\\lione\\Yasou Taverna System\\digital-menu-main\\restaurant-manager-main-V1\\restaurant-api\\vendor\\laravel\\framework\\src\\Illuminate\\Foundation\\Http\\Middleware\\ConvertEmptyStringsToNull.php(31): Illuminate\\Foundation\\Http\\Middleware\\TransformsRequest->handle()
#26 C:\\Users\\lione\\Yasou Taverna System\\digital-menu-main\\restaurant-manager-main-V1\\restaurant-api\\vendor\\laravel\\framework\\src\\Illuminate\\Pipeline\\Pipeline.php(208): Illuminate\\Foundation\\Http\\Middleware\\ConvertEmptyStringsToNull->handle()
#27 C:\\Users\\lione\\Yasou Taverna System\\digital-menu-main\\restaurant-manager-main-V1\\restaurant-api\\vendor\\laravel\\framework\\src\\Illuminate\\Foundation\\Http\\Middleware\\TransformsRequest.php(21): Illuminate\\Pipeline\\Pipeline->{closure:{closure:Illuminate\\Pipeline\\Pipeline::carry():183}:184}()
#28 C:\\Users\\lione\\Yasou Taverna System\\digital-menu-main\\restaurant-manager-main-V1\\restaurant-api\\vendor\\laravel\\framework\\src\\Illuminate\\Foundation\\Http\\Middleware\\TrimStrings.php(51): Illuminate\\Foundation\\Http\\Middleware\\TransformsRequest->handle()
#29 C:\\Users\\lione\\Yasou Taverna System\\digital-menu-main\\restaurant-manager-main-V1\\restaurant-api\\vendor\\laravel\\framework\\src\\Illuminate\\Pipeline\\Pipeline.php(208): Illuminate\\Foundation\\Http\\Middleware\\TrimStrings->handle()
#30 C:\\Users\\lione\\Yasou Taverna System\\digital-menu-main\\restaurant-manager-main-V1\\restaurant-api\\vendor\\laravel\\framework\\src\\Illuminate\\Http\\Middleware\\ValidatePostSize.php(27): Illuminate\\Pipeline\\Pipeline->{closure:{closure:Illuminate\\Pipeline\\Pipeline::carry():183}:184}()
#31 C:\\Users\\lione\\Yasou Taverna System\\digital-menu-main\\restaurant-manager-main-V1\\restaurant-api\\vendor\\laravel\\framework\\src\\Illuminate\\Pipeline\\Pipeline.php(208): Illuminate\\Http\\Middleware\\ValidatePostSize->handle()
#32 C:\\Users\\lione\\Yasou Taverna System\\digital-menu-main\\restaurant-manager-main-V1\\restaurant-api\\vendor\\laravel\\framework\\src\\Illuminate\\Foundation\\Http\\Middleware\\PreventRequestsDuringMaintenance.php(109): Illuminate\\Pipeline\\Pipeline->{closure:{closure:Illuminate\\Pipeline\\Pipeline::carry():183}:184}()
#33 C:\\Users\\lione\\Yasou Taverna System\\digital-menu-main\\restaurant-manager-main-V1\\restaurant-api\\vendor\\laravel\\framework\\src\\Illuminate\\Pipeline\\Pipeline.php(208): Illuminate\\Foundation\\Http\\Middleware\\PreventRequestsDuringMaintenance->handle()
#34 C:\\Users\\lione\\Yasou Taverna System\\digital-menu-main\\restaurant-manager-main-V1\\restaurant-api\\vendor\\laravel\\framework\\src\\Illuminate\\Http\\Middleware\\HandleCors.php(61): Illuminate\\Pipeline\\Pipeline->{closure:{closure:Illuminate\\Pipeline\\Pipeline::carry():183}:184}()
#35 C:\\Users\\lione\\Yasou Taverna System\\digital-menu-main\\restaurant-manager-main-V1\\restaurant-api\\vendor\\laravel\\framework\\src\\Illuminate\\Pipeline\\Pipeline.php(208): Illuminate\\Http\\Middleware\\HandleCors->handle()
#36 C:\\Users\\lione\\Yasou Taverna System\\digital-menu-main\\restaurant-manager-main-V1\\restaurant-api\\vendor\\laravel\\framework\\src\\Illuminate\\Http\\Middleware\\TrustProxies.php(58): Illuminate\\Pipeline\\Pipeline->{closure:{closure:Illuminate\\Pipeline\\Pipeline::carry():183}:184}()
#37 C:\\Users\\lione\\Yasou Taverna System\\digital-menu-main\\restaurant-manager-main-V1\\restaurant-api\\vendor\\laravel\\framework\\src\\Illuminate\\Pipeline\\Pipeline.php(208): Illuminate\\Http\\Middleware\\TrustProxies->handle()
#38 C:\\Users\\lione\\Yasou Taverna System\\digital-menu-main\\restaurant-manager-main-V1\\restaurant-api\\vendor\\laravel\\framework\\src\\Illuminate\\Foundation\\Http\\Middleware\\InvokeDeferredCallbacks.php(22): Illuminate\\Pipeline\\Pipeline->{closure:{closure:Illuminate\\Pipeline\\Pipeline::carry():183}:184}()
#39 C:\\Users\\lione\\Yasou Taverna System\\digital-menu-main\\restaurant-manager-main-V1\\restaurant-api\\vendor\\laravel\\framework\\src\\Illuminate\\Pipeline\\Pipeline.php(208): Illuminate\\Foundation\\Http\\Middleware\\InvokeDeferredCallbacks->handle()
#40 C:\\Users\\lione\\Yasou Taverna System\\digital-menu-main\\restaurant-manager-main-V1\\restaurant-api\\vendor\\laravel\\framework\\src\\Illuminate\\Http\\Middleware\\ValidatePathEncoding.php(26): Illuminate\\Pipeline\\Pipeline->{closure:{closure:Illuminate\\Pipeline\\Pipeline::carry():183}:184}()
#41 C:\\Users\\lione\\Yasou Taverna System\\digital-menu-main\\restaurant-manager-main-V1\\restaurant-api\\vendor\\laravel\\framework\\src\\Illuminate\\Pipeline\\Pipeline.php(208): Illuminate\\Http\\Middleware\\ValidatePathEncoding->handle()
#42 C:\\Users\\lione\\Yasou Taverna System\\digital-menu-main\\restaurant-manager-main-V1\\restaurant-api\\vendor\\laravel\\framework\\src\\Illuminate\\Pipeline\\Pipeline.php(126): Illuminate\\Pipeline\\Pipeline->{closure:{closure:Illuminate\\Pipeline\\Pipeline::carry():183}:184}()
#43 C:\\Users\\lione\\Yasou Taverna System\\digital-menu-main\\restaurant-manager-main-V1\\restaurant-api\\vendor\\laravel\\framework\\src\\Illuminate\\Foundation\\Http\\Kernel.php(175): Illuminate\\Pipeline\\Pipeline->then()
#44 C:\\Users\\lione\\Yasou Taverna System\\digital-menu-main\\restaurant-manager-main-V1\\restaurant-api\\vendor\\laravel\\framework\\src\\Illuminate\\Foundation\\Http\\Kernel.php(144): Illuminate\\Foundation\\Http\\Kernel->sendRequestThroughRouter()
#45 C:\\Users\\lione\\Yasou Taverna System\\digital-menu-main\\restaurant-manager-main-V1\\restaurant-api\\vendor\\laravel\\framework\\src\\Illuminate\\Foundation\\Application.php(1219): Illuminate\\Foundation\\Http\\Kernel->handle()
#46 C:\\Users\\lione\\Yasou Taverna System\\digital-menu-main\\restaurant-manager-main-V1\\restaurant-api\\public\\index.php(20): Illuminate\\Foundation\\Application->handleRequest()
#47 C:\\Users\\lione\\Yasou Taverna System\\digital-menu-main\\restaurant-manager-main-V1\\restaurant-api\\vendor\\laravel\\framework\\src\\Illuminate\\Foundation\\resources\\server.php(23): require_once('...')
#48 {main}

[previous exception] [object] (PDOException(code: 0): could not find driver at C:\\Users\\lione\\Yasou Taverna System\\digital-menu-main\\restaurant-manager-main-V1\\restaurant-api\\vendor\\laravel\\framework\\src\\Illuminate\\Database\\Connectors\\Connector.php:67)
[stacktrace]
#0 C:\\Users\\lione\\Yasou Taverna System\\digital-menu-main\\restaurant-manager-main-V1\\restaurant-api\\vendor\\laravel\\framework\\src\\Illuminate\\Database\\Connectors\\Connector.php(67): PDO::connect()
#1 C:\\Users\\lione\\Yasou Taverna System\\digital-menu-main\\restaurant-manager-main-V1\\restaurant-api\\vendor\\laravel\\framework\\src\\Illuminate\\Database\\Connectors\\Connector.php(44): Illuminate\\Database\\Connectors\\Connector->createPdoConnection()
#2 C:\\Users\\lione\\Yasou Taverna System\\digital-menu-main\\restaurant-manager-main-V1\\restaurant-api\\vendor\\laravel\\framework\\src\\Illuminate\\Database\\Connectors\\SQLiteConnector.php(21): Illuminate\\Database\\Connectors\\Connector->createConnection()
#3 C:\\Users\\lione\\Yasou Taverna System\\digital-menu-main\\restaurant-manager-main-V1\\restaurant-api\\vendor\\laravel\\framework\\src\\Illuminate\\Database\\Connectors\\ConnectionFactory.php(223): Illuminate\\Database\\Connectors\\SQLiteConnector->connect()
#4 [internal function]: Illuminate\\Database\\Connectors\\ConnectionFactory->{closure:Illuminate\\Database\\Connectors\\ConnectionFactory::createPdoResolverWithoutHosts():223}()
#5 C:\\Users\\lione\\Yasou Taverna System\\digital-menu-main\\restaurant-manager-main-V1\\restaurant-api\\vendor\\laravel\\framework\\src\\Illuminate\\Database\\Connection.php(1228): call_user_func()
#6 C:\\Users\\lione\\Yasou Taverna System\\digital-menu-main\\restaurant-manager-main-V1\\restaurant-api\\vendor\\laravel\\framework\\src\\Illuminate\\Database\\Connection.php(1264): Illuminate\\Database\\Connection->getPdo()
#7 C:\\Users\\lione\\Yasou Taverna System\\digital-menu-main\\restaurant-manager-main-V1\\restaurant-api\\vendor\\laravel\\framework\\src\\Illuminate\\Database\\Connection.php(509): Illuminate\\Database\\Connection->getReadPdo()
#8 C:\\Users\\lione\\Yasou Taverna System\\digital-menu-main\\restaurant-manager-main-V1\\restaurant-api\\vendor\\laravel\\framework\\src\\Illuminate\\Database\\Connection.php(404): Illuminate\\Database\\Connection->getPdoForSelect()
#9 C:\\Users\\lione\\Yasou Taverna System\\digital-menu-main\\restaurant-manager-main-V1\\restaurant-api\\vendor\\laravel\\framework\\src\\Illuminate\\Database\\Connection.php(809): Illuminate\\Database\\Connection->{closure:Illuminate\\Database\\Connection::select():395}()
#10 C:\\Users\\lione\\Yasou Taverna System\\digital-menu-main\\restaurant-manager-main-V1\\restaurant-api\\vendor\\laravel\\framework\\src\\Illuminate\\Database\\Connection.php(776): Illuminate\\Database\\Connection->runQueryCallback()
#11 C:\\Users\\lione\\Yasou Taverna System\\digital-menu-main\\restaurant-manager-main-V1\\restaurant-api\\vendor\\laravel\\framework\\src\\Illuminate\\Database\\Connection.php(395): Illuminate\\Database\\Connection->run()
#12 C:\\Users\\lione\\Yasou Taverna System\\digital-menu-main\\restaurant-manager-main-V1\\restaurant-api\\vendor\\laravel\\framework\\src\\Illuminate\\Database\\Query\\Builder.php(3131): Illuminate\\Database\\Connection->select()
#13 C:\\Users\\lione\\Yasou Taverna System\\digital-menu-main\\restaurant-manager-main-V1\\restaurant-api\\vendor\\laravel\\framework\\src\\Illuminate\\Database\\Query\\Builder.php(3116): Illuminate\\Database\\Query\\Builder->runSelect()
#14 C:\\Users\\lione\\Yasou Taverna System\\digital-menu-main\\restaurant-manager-main-V1\\restaurant-api\\vendor\\laravel\\framework\\src\\Illuminate\\Database\\Query\\Builder.php(3706): Illuminate\\Database\\Query\\Builder->{closure:Illuminate\\Database\\Query\\Builder::get():3115}()
#15 C:\\Users\\lione\\Yasou Taverna System\\digital-menu-main\\restaurant-manager-main-V1\\restaurant-api\\vendor\\laravel\\framework\\src\\Illuminate\\Database\\Query\\Builder.php(3115): Illuminate\\Database\\Query\\Builder->onceWithColumns()
#16 C:\\Users\\lione\\Yasou Taverna System\\digital-menu-main\\restaurant-manager-main-V1\\restaurant-api\\vendor\\laravel\\framework\\src\\Illuminate\\Database\\Query\\Builder.php(3310): Illuminate\\Database\\Query\\Builder->get()
#17 C:\\Users\\lione\\Yasou Taverna System\\digital-menu-main\\restaurant-manager-main-V1\\restaurant-api\\vendor\\laravel\\framework\\src\\Illuminate\\Database\\Query\\Builder.php(3269): Illuminate\\Database\\Query\\Builder->runPaginationCountQuery()
#18 C:\\Users\\lione\\Yasou Taverna System\\digital-menu-main\\restaurant-manager-main-V1\\restaurant-api\\vendor\\laravel\\framework\\src\\Illuminate\\Database\\Eloquent\\Builder.php(1090): Illuminate\\Database\\Query\\Builder->getCountForPagination()
#19 C:\\Users\\lione\\Yasou Taverna System\\digital-menu-main\\restaurant-manager-main-V1\\restaurant-api\\app\\Http\\Controllers\\Api\\OrderController.php(80): Illuminate\\Database\\Eloquent\\Builder->paginate()
#20 C:\\Users\\lione\\Yasou Taverna System\\digital-menu-main\\restaurant-manager-main-V1\\restaurant-api\\vendor\\laravel\\framework\\src\\Illuminate\\Routing\\ControllerDispatcher.php(46): App\\Http\\Controllers\\Api\\OrderController->index()
#21 C:\\Users\\lione\\Yasou Taverna System\\digital-menu-main\\restaurant-manager-main-V1\\restaurant-api\\vendor\\laravel\\framework\\src\\Illuminate\\Routing\\Route.php(265): Illuminate\\Routing\\ControllerDispatcher->dispatch()
#22 C:\\Users\\lione\\Yasou Taverna System\\digital-menu-main\\restaurant-manager-main-V1\\restaurant-api\\vendor\\laravel\\framework\\src\\Illuminate\\Routing\\Route.php(211): Illuminate\\Routing\\Route->runController()
#23 C:\\Users\\lione\\Yasou Taverna System\\digital-menu-main\\restaurant-manager-main-V1\\restaurant-api\\vendor\\laravel\\framework\\src\\Illuminate\\Routing\\Router.php(808): Illuminate\\Routing\\Route->run()
#24 C:\\Users\\lione\\Yasou Taverna System\\digital-menu-main\\restaurant-manager-main-V1\\restaurant-api\\vendor\\laravel\\framework\\src\\Illuminate\\Pipeline\\Pipeline.php(169): Illuminate\\Routing\\Router->{closure:Illuminate\\Routing\\Router::runRouteWithinStack():807}()
#25 C:\\Users\\lione\\Yasou Taverna System\\digital-menu-main\\restaurant-manager-main-V1\\restaurant-api\\vendor\\laravel\\framework\\src\\Illuminate\\Routing\\Middleware\\SubstituteBindings.php(50): Illuminate\\Pipeline\\Pipeline->{closure:Illuminate\\Pipeline\\Pipeline::prepareDestination():167}()
#26 C:\\Users\\lione\\Yasou Taverna System\\digital-menu-main\\restaurant-manager-main-V1\\restaurant-api\\vendor\\laravel\\framework\\src\\Illuminate\\Pipeline\\Pipeline.php(208): Illuminate\\Routing\\Middleware\\SubstituteBindings->handle()
#27 C:\\Users\\lione\\Yasou Taverna System\\digital-menu-main\\restaurant-manager-main-V1\\restaurant-api\\vendor\\laravel\\framework\\src\\Illuminate\\Pipeline\\Pipeline.php(126): Illuminate\\Pipeline\\Pipeline->{closure:{closure:Illuminate\\Pipeline\\Pipeline::carry():183}:184}()
#28 C:\\Users\\lione\\Yasou Taverna System\\digital-menu-main\\restaurant-manager-main-V1\\restaurant-api\\vendor\\laravel\\framework\\src\\Illuminate\\Routing\\Router.php(807): Illuminate\\Pipeline\\Pipeline->then()
#29 C:\\Users\\lione\\Yasou Taverna System\\digital-menu-main\\restaurant-manager-main-V1\\restaurant-api\\vendor\\laravel\\framework\\src\\Illuminate\\Routing\\Router.php(786): Illuminate\\Routing\\Router->runRouteWithinStack()
#30 C:\\Users\\lione\\Yasou Taverna System\\digital-menu-main\\restaurant-manager-main-V1\\restaurant-api\\vendor\\laravel\\framework\\src\\Illuminate\\Routing\\Router.php(750): Illuminate\\Routing\\Router->runRoute()
#31 C:\\Users\\lione\\Yasou Taverna System\\digital-menu-main\\restaurant-manager-main-V1\\restaurant-api\\vendor\\laravel\\framework\\src\\Illuminate\\Routing\\Router.php(739): Illuminate\\Routing\\Router->dispatchToRoute()
#32 C:\\Users\\lione\\Yasou Taverna System\\digital-menu-main\\restaurant-manager-main-V1\\restaurant-api\\vendor\\laravel\\framework\\src\\Illuminate\\Foundation\\Http\\Kernel.php(200): Illuminate\\Routing\\Router->dispatch()
#33 C:\\Users\\lione\\Yasou Taverna System\\digital-menu-main\\restaurant-manager-main-V1\\restaurant-api\\vendor\\laravel\\framework\\src\\Illuminate\\Pipeline\\Pipeline.php(169): Illuminate\\Foundation\\Http\\Kernel->{closure:Illuminate\\Foundation\\Http\\Kernel::dispatchToRouter():197}()
#34 C:\\Users\\lione\\Yasou Taverna System\\digital-menu-main\\restaurant-manager-main-V1\\restaurant-api\\vendor\\laravel\\framework\\src\\Illuminate\\Foundation\\Http\\Middleware\\TransformsRequest.php(21): Illuminate\\Pipeline\\Pipeline->{closure:Illuminate\\Pipeline\\Pipeline::prepareDestination():167}()
#35 C:\\Users\\lione\\Yasou Taverna System\\digital-menu-main\\restaurant-manager-main-V1\\restaurant-api\\vendor\\laravel\\framework\\src\\Illuminate\\Foundation\\Http\\Middleware\\ConvertEmptyStringsToNull.php(31): Illuminate\\Foundation\\Http\\Middleware\\TransformsRequest->handle()
#36 C:\\Users\\lione\\Yasou Taverna System\\digital-menu-main\\restaurant-manager-main-V1\\restaurant-api\\vendor\\laravel\\framework\\src\\Illuminate\\Pipeline\\Pipeline.php(208): Illuminate\\Foundation\\Http\\Middleware\\ConvertEmptyStringsToNull->handle()
#37 C:\\Users\\lione\\Yasou Taverna System\\digital-menu-main\\restaurant-manager-main-V1\\restaurant-api\\vendor\\laravel\\framework\\src\\Illuminate\\Foundation\\Http\\Middleware\\TransformsRequest.php(21): Illuminate\\Pipeline\\Pipeline->{closure:{closure:Illuminate\\Pipeline\\Pipeline::carry():183}:184}()
#38 C:\\Users\\lione\\Yasou Taverna System\\digital-menu-main\\restaurant-manager-main-V1\\restaurant-api\\vendor\\laravel\\framework\\src\\Illuminate\\Foundation\\Http\\Middleware\\TrimStrings.php(51): Illuminate\\Foundation\\Http\\Middleware\\TransformsRequest->handle()
#39 C:\\Users\\lione\\Yasou Taverna System\\digital-menu-main\\restaurant-manager-main-V1\\restaurant-api\\vendor\\laravel\\framework\\src\\Illuminate\\Pipeline\\Pipeline.php(208): Illuminate\\Foundation\\Http\\Middleware\\TrimStrings->handle()
#40 C:\\Users\\lione\\Yasou Taverna System\\digital-menu-main\\restaurant-manager-main-V1\\restaurant-api\\vendor\\laravel\\framework\\src\\Illuminate\\Http\\Middleware\\ValidatePostSize.php(27): Illuminate\\Pipeline\\Pipeline->{closure:{closure:Illuminate\\Pipeline\\Pipeline::carry():183}:184}()
#41 C:\\Users\\lione\\Yasou Taverna System\\digital-menu-main\\restaurant-manager-main-V1\\restaurant-api\\vendor\\laravel\\framework\\src\\Illuminate\\Pipeline\\Pipeline.php(208): Illuminate\\Http\\Middleware\\ValidatePostSize->handle()
#42 C:\\Users\\lione\\Yasou Taverna System\\digital-menu-main\\restaurant-manager-main-V1\\restaurant-api\\vendor\\laravel\\framework\\src\\Illuminate\\Foundation\\Http\\Middleware\\PreventRequestsDuringMaintenance.php(109): Illuminate\\Pipeline\\Pipeline->{closure:{closure:Illuminate\\Pipeline\\Pipeline::carry():183}:184}()
#43 C:\\Users\\lione\\Yasou Taverna System\\digital-menu-main\\restaurant-manager-main-V1\\restaurant-api\\vendor\\laravel\\framework\\src\\Illuminate\\Pipeline\\Pipeline.php(208): Illuminate\\Foundation\\Http\\Middleware\\PreventRequestsDuringMaintenance->handle()
#44 C:\\Users\\lione\\Yasou Taverna System\\digital-menu-main\\restaurant-manager-main-V1\\restaurant-api\\vendor\\laravel\\framework\\src\\Illuminate\\Http\\Middleware\\HandleCors.php(61): Illuminate\\Pipeline\\Pipeline->{closure:{closure:Illuminate\\Pipeline\\Pipeline::carry():183}:184}()
#45 C:\\Users\\lione\\Yasou Taverna System\\digital-menu-main\\restaurant-manager-main-V1\\restaurant-api\\vendor\\laravel\\framework\\src\\Illuminate\\Pipeline\\Pipeline.php(208): Illuminate\\Http\\Middleware\\HandleCors->handle()
#46 C:\\Users\\lione\\Yasou Taverna System\\digital-menu-main\\restaurant-manager-main-V1\\restaurant-api\\vendor\\laravel\\framework\\src\\Illuminate\\Http\\Middleware\\TrustProxies.php(58): Illuminate\\Pipeline\\Pipeline->{closure:{closure:Illuminate\\Pipeline\\Pipeline::carry():183}:184}()
#47 C:\\Users\\lione\\Yasou Taverna System\\digital-menu-main\\restaurant-manager-main-V1\\restaurant-api\\vendor\\laravel\\framework\\src\\Illuminate\\Pipeline\\Pipeline.php(208): Illuminate\\Http\\Middleware\\TrustProxies->handle()
#48 C:\\Users\\lione\\Yasou Taverna System\\digital-menu-main\\restaurant-manager-main-V1\\restaurant-api\\vendor\\laravel\\framework\\src\\Illuminate\\Foundation\\Http\\Middleware\\InvokeDeferredCallbacks.php(22): Illuminate\\Pipeline\\Pipeline->{closure:{closure:Illuminate\\Pipeline\\Pipeline::carry():183}:184}()
#49 C:\\Users\\lione\\Yasou Taverna System\\digital-menu-main\\restaurant-manager-main-V1\\restaurant-api\\vendor\\laravel\\framework\\src\\Illuminate\\Pipeline\\Pipeline.php(208): Illuminate\\Foundation\\Http\\Middleware\\InvokeDeferredCallbacks->handle()
#50 C:\\Users\\lione\\Yasou Taverna System\\digital-menu-main\\restaurant-manager-main-V1\\restaurant-api\\vendor\\laravel\\framework\\src\\Illuminate\\Http\\Middleware\\ValidatePathEncoding.php(26): Illuminate\\Pipeline\\Pipeline->{closure:{closure:Illuminate\\Pipeline\\Pipeline::carry():183}:184}()
#51 C:\\Users\\lione\\Yasou Taverna System\\digital-menu-main\\restaurant-manager-main-V1\\restaurant-api\\vendor\\laravel\\framework\\src\\Illuminate\\Pipeline\\Pipeline.php(208): Illuminate\\Http\\Middleware\\ValidatePathEncoding->handle()
#52 C:\\Users\\lione\\Yasou Taverna System\\digital-menu-main\\restaurant-manager-main-V1\\restaurant-api\\vendor\\laravel\\framework\\src\\Illuminate\\Pipeline\\Pipeline.php(126): Illuminate\\Pipeline\\Pipeline->{closure:{closure:Illuminate\\Pipeline\\Pipeline::carry():183}:184}()
#53 C:\\Users\\lione\\Yasou Taverna System\\digital-menu-main\\restaurant-manager-main-V1\\restaurant-api\\vendor\\laravel\\framework\\src\\Illuminate\\Foundation\\Http\\Kernel.php(175): Illuminate\\Pipeline\\Pipeline->then()
#54 C:\\Users\\lione\\Yasou Taverna System\\digital-menu-main\\restaurant-manager-main-V1\\restaurant-api\\vendor\\laravel\\framework\\src\\Illuminate\\Foundation\\Http\\Kernel.php(144): Illuminate\\Foundation\\Http\\Kernel->sendRequestThroughRouter()
#55 C:\\Users\\lione\\Yasou Taverna System\\digital-menu-main\\restaurant-manager-main-V1\\restaurant-api\\vendor\\laravel\\framework\\src\\Illuminate\\Foundation\\Application.php(1219): Illuminate\\Foundation\\Http\\Kernel->handle()
#56 C:\\Users\\lione\\Yasou Taverna System\\digital-menu-main\\restaurant-manager-main-V1\\restaurant-api\\public\\index.php(20): Illuminate\\Foundation\\Application->handleRequest()
#57 C:\\Users\\lione\\Yasou Taverna System\\digital-menu-main\\restaurant-manager-main-V1\\restaurant-api\\vendor\\laravel\\framework\\src\\Illuminate\\Foundation\\resources\\server.php(23): require_once('...')
#58 {main}
"} 
[2026-08-13 03:24:51] local.ERROR: Writing to directory C:/Users/lione/AppData/Roaming/PsySH is not allowed. {"exception":"[object] (ErrorException(code: 0): Writing to directory C:/Users/lione/AppData/Roaming/PsySH is not allowed. at C:\\Users\\lione\\Yasou Taverna System\\digital-menu-main\\restaurant-manager-main-V1\\restaurant-api\\vendor\\psy\\psysh\\src\\ConfigPaths.php:331)
[stacktrace]
#0 C:\\Users\\lione\\Yasou Taverna System\\digital-menu-main\\restaurant-manager-main-V1\\restaurant-api\\vendor\\laravel\\framework\\src\\Illuminate\\Foundation\\Bootstrap\\HandleExceptions.php(256): Illuminate\\Foundation\\Bootstrap\\HandleExceptions->handleError()
#1 [internal function]: Illuminate\\Foundation\\Bootstrap\\HandleExceptions->{closure:Illuminate\\Foundation\\Bootstrap\\HandleExceptions::forwardsTo():255}()
#2 C:\\Users\\lione\\Yasou Taverna System\\digital-menu-main\\restaurant-manager-main-V1\\restaurant-api\\vendor\\psy\\psysh\\src\\ConfigPaths.php(331): trigger_error()
#3 C:\\Users\\lione\\Yasou Taverna System\\digital-menu-main\\restaurant-manager-main-V1\\restaurant-api\\vendor\\psy\\psysh\\src\\ConfigPaths.php(360): Psy\\ConfigPaths::ensureDir()
#4 C:\\Users\\lione\\Yasou Taverna System\\digital-menu-main\\restaurant-manager-main-V1\\restaurant-api\\vendor\\psy\\psysh\\src\\Configuration.php(652): Psy\\ConfigPaths::touchFileWithMkdir()
#5 C:\\Users\\lione\\Yasou Taverna System\\digital-menu-main\\restaurant-manager-main-V1\\restaurant-api\\vendor\\psy\\psysh\\src\\Configuration.php(683): Psy\\Configuration->setHistoryFile()
#6 C:\\Users\\lione\\Yasou Taverna System\\digital-menu-main\\restaurant-manager-main-V1\\restaurant-api\\vendor\\psy\\psysh\\src\\Configuration.php(820): Psy\\Configuration->getHistoryFile()
#7 C:\\Users\\lione\\Yasou Taverna System\\digital-menu-main\\restaurant-manager-main-V1\\restaurant-api\\vendor\\psy\\psysh\\src\\Shell.php(92): Psy\\Configuration->getReadline()
#8 C:\\Users\\lione\\Yasou Taverna System\\digital-menu-main\\restaurant-manager-main-V1\\restaurant-api\\vendor\\laravel\\tinker\\src\\Console\\TinkerCommand.php(59): Psy\\Shell->__construct()
#9 C:\\Users\\lione\\Yasou Taverna System\\digital-menu-main\\restaurant-manager-main-V1\\restaurant-api\\vendor\\laravel\\framework\\src\\Illuminate\\Container\\BoundMethod.php(36): Laravel\\Tinker\\Console\\TinkerCommand->handle()
#10 C:\\Users\\lione\\Yasou Taverna System\\digital-menu-main\\restaurant-manager-main-V1\\restaurant-api\\vendor\\laravel\\framework\\src\\Illuminate\\Container\\Util.php(43): Illuminate\\Container\\BoundMethod::{closure:Illuminate\\Container\\BoundMethod::call():35}()
#11 C:\\Users\\lione\\Yasou Taverna System\\digital-menu-main\\restaurant-manager-main-V1\\restaurant-api\\vendor\\laravel\\framework\\src\\Illuminate\\Container\\BoundMethod.php(96): Illuminate\\Container\\Util::unwrapIfClosure()
#12 C:\\Users\\lione\\Yasou Taverna System\\digital-menu-main\\restaurant-manager-main-V1\\restaurant-api\\vendor\\laravel\\framework\\src\\Illuminate\\Container\\BoundMethod.php(35): Illuminate\\Container\\BoundMethod::callBoundMethod()
#13 C:\\Users\\lione\\Yasou Taverna System\\digital-menu-main\\restaurant-manager-main-V1\\restaurant-api\\vendor\\laravel\\framework\\src\\Illuminate\\Container\\Container.php(754): Illuminate\\Container\\BoundMethod::call()
#14 C:\\Users\\lione\\Yasou Taverna System\\digital-menu-main\\restaurant-manager-main-V1\\restaurant-api\\vendor\\laravel\\framework\\src\\Illuminate\\Console\\Command.php(209): Illuminate\\Container\\Container->call()
#15 C:\\Users\\lione\\Yasou Taverna System\\digital-menu-main\\restaurant-manager-main-V1\\restaurant-api\\vendor\\symfony\\console\\Command\\Command.php(318): Illuminate\\Console\\Command->execute()
#16 C:\\Users\\lione\\Yasou Taverna System\\digital-menu-main\\restaurant-manager-main-V1\\restaurant-api\\vendor\\laravel\\framework\\src\\Illuminate\\Console\\Command.php(178): Symfony\\Component\\Console\\Command\\Command->run()
#17 C:\\Users\\lione\\Yasou Taverna System\\digital-menu-main\\restaurant-manager-main-V1\\restaurant-api\\vendor\\symfony\\console\\Application.php(1092): Illuminate\\Console\\Command->run()
#18 C:\\Users\\lione\\Yasou Taverna System\\digital-menu-main\\restaurant-manager-main-V1\\restaurant-api\\vendor\\symfony\\console\\Application.php(341): Symfony\\Component\\Console\\Application->doRunCommand()
#19 C:\\Users\\lione\\Yasou Taverna System\\digital-menu-main\\restaurant-manager-main-V1\\restaurant-api\\vendor\\symfony\\console\\Application.php(192): Symfony\\Component\\Console\\Application->doRun()
#20 C:\\Users\\lione\\Yasou Taverna System\\digital-menu-main\\restaurant-manager-main-V1\\restaurant-api\\vendor\\laravel\\framework\\src\\Illuminate\\Foundation\\Console\\Kernel.php(197): Symfony\\Component\\Console\\Application->run()
#21 C:\\Users\\lione\\Yasou Taverna System\\digital-menu-main\\restaurant-manager-main-V1\\restaurant-api\\vendor\\laravel\\framework\\src\\Illuminate\\Foundation\\Application.php(1234): Illuminate\\Foundation\\Console\\Kernel->handle()
#22 C:\\Users\\lione\\Yasou Taverna System\\digital-menu-main\\restaurant-manager-main-V1\\restaurant-api\\artisan(16): Illuminate\\Foundation\\Application->handleCommand()
#23 {main}
"} 
[2026-08-13 03:25:03] local.ERROR: Writing to directory C:/Users/lione/AppData/Roaming/PsySH is not allowed. {"exception":"[object] (ErrorException(code: 0): Writing to directory C:/Users/lione/AppData/Roaming/PsySH is not allowed. at C:\\Users\\lione\\Yasou Taverna System\\digital-menu-main\\restaurant-manager-main-V1\\restaurant-api\\vendor\\psy\\psysh\\src\\ConfigPaths.php:331)
[stacktrace]
#0 C:\\Users\\lione\\Yasou Taverna System\\digital-menu-main\\restaurant-manager-main-V1\\restaurant-api\\vendor\\laravel\\framework\\src\\Illuminate\\Foundation\\Bootstrap\\HandleExceptions.php(256): Illuminate\\Foundation\\Bootstrap\\HandleExceptions->handleError()
#1 [internal function]: Illuminate\\Foundation\\Bootstrap\\HandleExceptions->{closure:Illuminate\\Foundation\\Bootstrap\\HandleExceptions::forwardsTo():255}()
#2 C:\\Users\\lione\\Yasou Taverna System\\digital-menu-main\\restaurant-manager-main-V1\\restaurant-api\\vendor\\psy\\psysh\\src\\ConfigPaths.php(331): trigger_error()
#3 C:\\Users\\lione\\Yasou Taverna System\\digital-menu-main\\restaurant-manager-main-V1\\restaurant-api\\vendor\\psy\\psysh\\src\\ConfigPaths.php(360): Psy\\ConfigPaths::ensureDir()
#4 C:\\Users\\lione\\Yasou Taverna System\\digital-menu-main\\restaurant-manager-main-V1\\restaurant-api\\vendor\\psy\\psysh\\src\\Configuration.php(652): Psy\\ConfigPaths::touchFileWithMkdir()
#5 C:\\Users\\lione\\Yasou Taverna System\\digital-menu-main\\restaurant-manager-main-V1\\restaurant-api\\vendor\\psy\\psysh\\src\\Configuration.php(683): Psy\\Configuration->setHistoryFile()
#6 C:\\Users\\lione\\Yasou Taverna System\\digital-menu-main\\restaurant-manager-main-V1\\restaurant-api\\vendor\\psy\\psysh\\src\\Configuration.php(820): Psy\\Configuration->getHistoryFile()
#7 C:\\Users\\lione\\Yasou Taverna System\\digital-menu-main\\restaurant-manager-main-V1\\restaurant-api\\vendor\\psy\\psysh\\src\\Shell.php(92): Psy\\Configuration->getReadline()
#8 C:\\Users\\lione\\Yasou Taverna System\\digital-menu-main\\restaurant-manager-main-V1\\restaurant-api\\vendor\\laravel\\tinker\\src\\Console\\TinkerCommand.php(59): Psy\\Shell->__construct()
#9 C:\\Users\\lione\\Yasou Taverna System\\digital-menu-main\\restaurant-manager-main-V1\\restaurant-api\\vendor\\laravel\\framework\\src\\Illuminate\\Container\\BoundMethod.php(36): Laravel\\Tinker\\Console\\TinkerCommand->handle()
#10 C:\\Users\\lione\\Yasou Taverna System\\digital-menu-main\\restaurant-manager-main-V1\\restaurant-api\\vendor\\laravel\\framework\\src\\Illuminate\\Container\\Util.php(43): Illuminate\\Container\\BoundMethod::{closure:Illuminate\\Container\\BoundMethod::call():35}()
#11 C:\\Users\\lione\\Yasou Taverna System\\digital-menu-main\\restaurant-manager-main-V1\\restaurant-api\\vendor\\laravel\\framework\\src\\Illuminate\\Container\\BoundMethod.php(96): Illuminate\\Container\\Util::unwrapIfClosure()
#12 C:\\Users\\lione\\Yasou Taverna System\\digital-menu-main\\restaurant-manager-main-V1\\restaurant-api\\vendor\\laravel\\framework\\src\\Illuminate\\Container\\BoundMethod.php(35): Illuminate\\Container\\BoundMethod::callBoundMethod()
#13 C:\\Users\\lione\\Yasou Taverna System\\digital-menu-main\\restaurant-manager-main-V1\\restaurant-api\\vendor\\laravel\\framework\\src\\Illuminate\\Container\\Container.php(754): Illuminate\\Container\\BoundMethod::call()
#14 C:\\Users\\lione\\Yasou Taverna System\\digital-menu-main\\restaurant-manager-main-V1\\restaurant-api\\vendor\\laravel\\framework\\src\\Illuminate\\Console\\Command.php(209): Illuminate\\Container\\Container->call()
#15 C:\\Users\\lione\\Yasou Taverna System\\digital-menu-main\\restaurant-manager-main-V1\\restaurant-api\\vendor\\symfony\\console\\Command\\Command.php(318): Illuminate\\Console\\Command->execute()
#16 C:\\Users\\lione\\Yasou Taverna System\\digital-menu-main\\restaurant-manager-main-V1\\restaurant-api\\vendor\\laravel\\framework\\src\\Illuminate\\Console\\Command.php(178): Symfony\\Component\\Console\\Command\\Command->run()
#17 C:\\Users\\lione\\Yasou Taverna System\\digital-menu-main\\restaurant-manager-main-V1\\restaurant-api\\vendor\\symfony\\console\\Application.php(1092): Illuminate\\Console\\Command->run()
#18 C:\\Users\\lione\\Yasou Taverna System\\digital-menu-main\\restaurant-manager-main-V1\\restaurant-api\\vendor\\symfony\\console\\Application.php(341): Symfony\\Component\\Console\\Application->doRunCommand()
#19 C:\\Users\\lione\\Yasou Taverna System\\digital-menu-main\\restaurant-manager-main-V1\\restaurant-api\\vendor\\symfony\\console\\Application.php(192): Symfony\\Component\\Console\\Application->doRun()
#20 C:\\Users\\lione\\Yasou Taverna System\\digital-menu-main\\restaurant-manager-main-V1\\restaurant-api\\vendor\\laravel\\framework\\src\\Illuminate\\Foundation\\Console\\Kernel.php(197): Symfony\\Component\\Console\\Application->run()
#21 C:\\Users\\lione\\Yasou Taverna System\\digital-menu-main\\restaurant-manager-main-V1\\restaurant-api\\vendor\\laravel\\framework\\src\\Illuminate\\Foundation\\Application.php(1234): Illuminate\\Foundation\\Console\\Kernel->handle()
#22 C:\\Users\\lione\\Yasou Taverna System\\digital-menu-main\\restaurant-manager-main-V1\\restaurant-api\\artisan(16): Illuminate\\Foundation\\Application->handleCommand()
#23 {main}
"} 
